temperature,humidity,rainfall,AQI,age_group,location,heat_risk,dengue_risk,asthma_risk
37.48357077,67.92603548,39.50237081,75.52479528,Elderly,Slum,Moderate,Moderate,Low
36.59451092,74.18561938,36.93750185,160.4206114,Elderly,Urban,Moderate,Moderate,High
32.65262807,78.13840065,6.020369662,97.14479337,Elderly,Slum,Low,Low,Low
30.37958581,30.81176481,10.32668978,158.0147873,Child,Slum,Low,Low,High
29.9358444,74.71370999,10.36546536,91.86624793,Elderly,Urban,Low,Low,Low
24.30189672,60.55787559,21.66087465,143.9088187,Elderly,Rural,Low,Low,Moderate
32.27808638,71.66383885,28.05999062,95.989846,Child,Urban,Low,Low,Low
39.73719911,74.36551002,17.40272528,94.57761039,Elderly,Slum,High,Low,Low
34.93251388,54.13433607,1.049811643,110.8219818,Adult,Urban,Low,Low,Moderate
36.94674457,51.02321329,22.02332688,163.6796906,Child,Slum,Moderate,Low,High
28.35906976,72.95291854,104.784214,128.7455326,Elderly,Slum,Low,Moderate,Moderate
39.40880519,54.86371986,9.496813296,56.66823146,Adult,Urban,Moderate,Low,Low
32.69680615,85.85683339,9.894085204,74.77790781,Elderly,Rural,Low,Low,Low
35.67214441,78.73184192,39.16988726,155.5099384,Elderly,Slum,Moderate,Moderate,High
30.80391238,65.36181436,59.65588715,59.67386842,Child,Slum,Low,Moderate,Low
40.49823488,67.33401818,11.7994264,103.5846677,Elderly,Slum,High,Low,Moderate
39.06262911,90.34360043,65.46755737,78.48680494,Elderly,Urban,High,High,Low
34.62098127,84.59445301,24.71662485,151.8238186,Child,Urban,Low,Low,High
34.8208698,93.46965484,22.19036516,104.0544644,Child,Urban,Low,Low,Moderate
34.69567956,48.71874312,21.31311531,161.6996647,Elderly,Slum,Low,Low,High
33.90164056,75.35668857,15.84845925,88.42966685,Child,Urban,Low,Low,Low
38.71855642,66.81757867,5.274250755,102.9252482,Adult,Urban,High,Low,Moderate
39.57701059,74.93126664,48.83906822,174.8744853,Elderly,Rural,High,Moderate,High
35.87776647,65.3606718,3.497764804,146.9250201,Elderly,Slum,Moderate,Low,Moderate
33.03945923,48.04727578,51.1148918,13.7929581,Elderly,Slum,Low,Moderate,Low
36.72758972,64.06725323,12.3572574,108.4345257,Child,Slum,Moderate,Low,Moderate
34.19357144,76.06076285,21.94358417,82.27772766,Child,Slum,Low,Low,Low
42.01979369,69.72173793,10.7379138,53.05981512,Elderly,Rural,High,Low,Low
35.30115105,106.9486317,1.585532621,139.110164,Elderly,Urban,Moderate,Low,Moderate
33.70485678,61.37936189,20.16816328,103.1400712,Child,Rural,Low,Low,Moderate
40.71411407,81.27899549,8.13999517,87.92688627,Adult,Rural,High,Low,Low
41.92007859,91.07807959,23.0215575,175.6930301,Elderly,Urban,High,Low,High
30.04731837,61.50553406,1.248892794,188.2641981,Adult,Slum,Low,Low,High
39.36794708,70.13716519,7.704724412,105.3784281,Elderly,Rural,High,Low,Moderate
29.68848143,77.10388646,35.22637583,144.8219286,Adult,Urban,Low,Moderate,Moderate
34.19531312,64.17603402,3.613328551,84.57950505,Adult,Slum,Low,Low,Low
39.06758609,51.53703525,50.98452218,174.555461,Child,Slum,Moderate,Moderate,High
47.69581358,65.13263563,68.25369676,111.7653313,Elderly,Slum,High,Moderate,Moderate
36.29941397,81.72734308,12.42139529,171.9758726,Adult,Urban,Moderate,Low,High
30.66426922,79.26461268,2.636751786,168.6828319,Elderly,Slum,Low,Low,High
36.46536237,59.28472873,0.152233112,126.9933205,Adult,Slum,Moderate,Low,Moderate
28.91572554,85.74021088,7.618496019,173.0042265,Adult,Rural,Low,Low,High
30.12659165,81.80626906,11.80904727,150.7990944,Elderly,Rural,Low,Low,High
41.34194761,76.36729366,25.20132917,157.6214234,Child,Urban,High,Low,High
33.77305942,58.69395753,9.244804436,155.1469419,Elderly,Rural,Low,Low,High
33.80202746,88.14072956,20.95305973,141.5184001,Elderly,Urban,Low,Low,Moderate
33.67671583,110.8025375,6.51644686,81.47937496,Elderly,Urban,Low,Low,Low
39.8859,70.62970097,5.848007107,114.5091273,Adult,Slum,High,Low,Moderate
33.88268607,80.71000741,0.467319461,115.0347044,Elderly,Slum,Low,Low,Moderate
38.70170409,63.21306651,14.58875796,151.0819918,Adult,Slum,High,Low,High
32.76742524,82.84598191,5.571558489,148.4043696,Adult,Rural,Low,Low,Moderate
35.46239436,79.45112408,3.06684592,190.5174989,Adult,Urban,Moderate,Low,High
35.29104359,52.85544553,62.95825914,154.8978863,Adult,Urban,Moderate,Moderate,High
40.33099272,55.61487855,10.42686253,175.2801842,Child,Urban,Moderate,Low,High
37.57517634,77.70678926,60.53850142,120.9572726,Elderly,Slum,Moderate,High,Moderate
39.35956994,91.56034493,31.49157225,120.2922549,Adult,Rural,High,Moderate,Moderate
39.77000882,79.77086877,66.21970429,73.89738513,Adult,Rural,High,High,Low
27.49615803,72.47534197,1.098123126,85.76284329,Elderly,Urban,Low,Low,Low
46.57329283,41.99102211,10.12891981,103.4187278,Elderly,Slum,Moderate,Low,Moderate
35.40099356,56.6031959,22.15960765,106.6073101,Child,Urban,Moderate,Low,Moderate
31.42348145,80.19396623,29.25658856,215.5614383,Child,Rural,Low,Low,High
44.21706879,90.45153236,111.7067103,153.1506391,Elderly,Urban,High,High,High
24.87428707,72.79681472,47.56961939,102.2200502,Adult,Slum,Low,Moderate,Moderate
26.6543382,58.42271383,5.709196084,186.4520692,Child,Urban,Low,Low,High
32.62527344,60.20006151,23.90371945,157.8152676,Adult,Urban,Low,Low,High
41.33203428,75.65944398,28.38091416,186.0540395,Child,Urban,High,Low,High
27.40315017,62.73648891,13.20042388,110.5043216,Child,Rural,Low,Low,Moderate
44.3600284,69.70836789,19.24350996,82.69633374,Elderly,Rural,High,Low,Low
33.73715924,51.28325227,15.25009844,181.7227061,Child,Urban,Low,Low,High
41.61631904,68.0738178,29.49374984,101.3734091,Adult,Urban,High,Low,Moderate
40.81581876,70.15349592,32.24924292,111.901699,Adult,Urban,High,Moderate,Moderate
35.30448304,79.70744045,25.70347337,125.0437931,Elderly,Slum,Moderate,Low,Moderate
42.93008408,51.43276752,18.38867922,147.4739405,Child,Rural,Moderate,Low,Moderate
35.35486208,76.5899071,70.72728551,115.6600845,Child,Urban,Moderate,High,Moderate
36.40495934,60.6595072,2.215488808,155.3996187,Child,Slum,Moderate,Low,High
32.67735126,60.66644253,35.79466225,105.7804544,Adult,Slum,Low,Moderate,Moderate
39.49799938,74.60949281,39.84880736,94.81196571,Child,Slum,High,Moderate,Low
39.38377325,78.27605516,49.3262755,91.59488168,Child,Urban,High,Moderate,Low
34.89549203,71.75991075,13.95731736,93.23189087,Child,Urban,Low,Low,Low
40.80968659,93.29289664,42.13898961,102.419285,Adult,Rural,High,Moderate,Moderate
41.52739404,70.31505762,11.57206278,110.4310081,Child,Urban,High,Low,Moderate
39.26987356,65.93439307,89.9091715,95.47621268,Elderly,Slum,High,Moderate,Low
35.48497982,78.92735538,29.97690241,48.31819599,Child,Rural,Moderate,Low,Low
32.76613244,88.07384383,41.87513621,72.13358123,Child,Slum,Low,Moderate,Low
38.12059909,79.42518264,2.869108396,92.03413688,Elderly,Rural,High,Low,Low
34.95591477,38.64973377,65.59855993,190.8172607,Child,Rural,Low,Moderate,High
30.87251402,65.17921238,4.629229636,144.5536537,Elderly,Slum,Low,Low,Moderate
41.78940394,63.5004489,51.75557561,128.1529091,Adult,Urban,High,Moderate,Moderate
32.64480847,73.48074906,2.659616033,166.1741735,Elderly,Slum,Low,Low,High
32.61309135,60.03658835,2.615819811,174.4044546,Elderly,Rural,Low,Low,High
36.55453783,92.13034325,16.56099376,107.9070303,Child,Rural,Moderate,Low,Moderate
34.97718586,59.76486098,3.794729878,118.0721806,Elderly,Rural,Low,Low,Moderate
36.6135928,57.59153585,41.11793153,139.7074594,Elderly,Urban,Moderate,Moderate,Moderate
35.44436503,48.31585041,60.88507615,86.23452346,Child,Urban,Moderate,Moderate,Low
36.12046241,70.18888601,2.299841279,138.9450955,Child,Urban,Moderate,Low,Moderate
35.27175289,104.1364195,35.69703714,136.2490674,Elderly,Slum,Moderate,Moderate,Moderate
45.76591229,58.48978656,26.33477585,115.5627226,Child,Urban,Moderate,Low,Moderate
39.88154563,48.20725811,6.252124843,151.3602564,Adult,Urban,Moderate,Low,High
24.38052138,62.11367467,26.28731118,43.49173932,Adult,Rural,Low,Low,Low
36.81238229,78.57021265,5.324209623,158.8209528,Child,Slum,Moderate,Low,High
28.39883396,97.47188149,80.97055085,117.0555554,Child,Rural,Low,High,Moderate
33.58889406,74.43216287,14.38421099,76.10616526,Child,Urban,Low,Low,Low
34.42730077,88.56724468,16.07504809,115.6548534,Elderly,Slum,Low,Low,Moderate
34.72257521,73.89083963,245.1733679,132.0939316,Elderly,Slum,Low,Moderate,Moderate
35.0262185,70.70470891,43.95849271,107.4790517,Adult,Slum,Moderate,Moderate,Moderate
27.00438264,49.47114827,33.41488618,141.4196724,Child,Urban,Low,Moderate,Moderate
27.32942915,89.16515233,3.616173642,129.6933474,Elderly,Slum,Low,Low,Moderate
45.23699461,71.72292202,57.35310334,182.0505142,Adult,Slum,High,Moderate,High
45.30373962,96.33011264,62.7827593,79.18467011,Child,Slum,High,High,Low
33.65452781,92.33567761,7.184444805,155.1130067,Adult,Slum,Low,Low,High
40.29212243,43.6189077,14.93945603,155.4425424,Elderly,Slum,Moderate,Low,High
34.31461089,73.00201629,45.92615213,33.16536687,Adult,Slum,Low,Moderate,Low
43.14307773,49.29847813,59.49421931,119.4112697,Adult,Urban,Moderate,Moderate,Moderate
38.98202715,65.7792234,117.4095929,53.41227215,Child,Slum,High,Moderate,Low
24.6627895,68.66319941,30.10458822,115.0835477,Elderly,Slum,Low,Moderate,Moderate
34.62348173,53.48122143,12.72417947,139.506931,Adult,Urban,Low,Low,Moderate
34.68660451,84.32713481,33.03867251,102.1326612,Adult,Rural,Low,Moderate,Moderate
32.62164326,57.7675139,2.786577236,97.63898027,Elderly,Rural,Low,Low,Low
34.4648482,54.47136516,6.93276619,122.2989601,Child,Slum,Low,Low,Moderate
23.58598755,68.47075731,48.19482731,121.6853633,Adult,Rural,Low,Moderate,Moderate
31.50137246,73.20969866,62.04404095,154.0541706,Child,Rural,Low,Moderate,High
31.89818139,58.95381742,7.046970935,143.1801761,Child,Rural,Low,Low,Moderate
33.62474151,35.47118253,28.89005502,94.93903269,Adult,Rural,Low,Low,Low
24.03934972,82.77103139,67.67300263,80.48256617,Elderly,Rural,Low,High,Low
50.39440404,86.79362367,3.400840156,180.9514964,Elderly,Slum,High,Low,High
22.71626472,57.8424123,14.20994954,83.81832465,Adult,Rural,Low,Low,Low
31.76713558,53.77677995,3.826893099,128.7289093,Elderly,Rural,Low,Low,Moderate
39.55282061,85.82996495,20.70109266,146.1453705,Adult,Rural,High,Low,Moderate
35.38684154,57.08073698,26.51769174,102.3798176,Child,Slum,Moderate,Low,Moderate
42.91019091,64.17896215,13.53344476,93.26392127,Child,Slum,High,Low,Low
39.63088774,98.64124961,13.20620279,121.1076373,Child,Rural,High,Low,Moderate
35.63682739,64.57865741,4.976648778,110.4602653,Child,Urban,Moderate,Low,Moderate
31.74678715,62.69311924,6.194752364,86.85664916,Child,Slum,Low,Low,Low
32.274154,32.45860718,121.159265,147.3856881,Child,Slum,Low,Moderate,Moderate
33.80525977,56.38654507,104.6717899,129.4929754,Adult,Rural,Low,Moderate,Moderate
36.36788702,59.13997305,33.13678796,98.69678791,Elderly,Urban,Moderate,Moderate,Low
35.49666153,81.27080685,25.43182684,157.3204856,Child,Rural,Moderate,Low,High
31.19132542,61.53164495,16.6243365,79.91813105,Adult,Urban,Low,Low,Low
26.86228781,70.7212742,3.659498164,59.02837867,Adult,Rural,Low,Low,Low
38.98868157,52.91287407,19.68364134,130.7097066,Child,Slum,Moderate,Low,Moderate
31.74081946,70.71098007,12.31150804,95.92125284,Adult,Slum,Low,Low,Low
38.80125547,86.59493657,27.16339783,150.865526,Child,Slum,High,Low,High
22.6417775,58.04657117,12.87129905,126.7891714,Child,Slum,Low,Low,Moderate
35.4469696,77.32066119,55.32231424,183.2053638,Elderly,Urban,Moderate,High,High
36.68801331,63.82184551,6.755393192,107.2608596,Child,Rural,Moderate,Low,Moderate
33.40471489,78.15224729,22.21127869,161.3968371,Elderly,Rural,Low,Low,High
39.35562352,65.10964702,14.94938249,109.995096,Child,Urban,High,Low,Moderate
41.50526217,59.85380469,10.75935826,30.78680369,Elderly,Slum,Moderate,Low,Low
35.0920919,95.14655968,7.92727593,110.4328534,Child,Urban,Moderate,Low,Moderate
39.11552488,83.3861623,29.36397912,123.8248178,Elderly,Slum,High,Low,Moderate
27.60706877,87.15631065,4.499304618,140.3751247,Child,Rural,Low,Low,Moderate
41.23663528,84.48883012,46.61970041,123.2821948,Elderly,Urban,High,Moderate,Moderate
32.7031955,57.25233446,8.570088556,180.3908525,Adult,Urban,Low,Low,High
37.0101724,64.78709899,51.65423891,153.1655474,Adult,Rural,Moderate,Moderate,High
33.65062532,55.31854426,47.8801609,102.9036823,Child,Urban,Low,Moderate,Moderate
32.23677113,84.45775478,30.74532626,158.9422979,Child,Rural,Low,Moderate,High
37.06717452,98.15193719,8.702510978,77.66458389,Child,Rural,Moderate,Low,Low
32.43542813,72.55891305,15.36736978,153.4226159,Adult,Slum,Low,Low,High
38.27182828,69.16622994,4.994086504,127.2212337,Child,Urban,High,Low,Moderate
48.21785792,66.9573067,61.70080568,121.8766174,Child,Slum,High,Moderate,Moderate
35.54697397,80.88649936,35.78612222,128.6744415,Child,Slum,Moderate,Moderate,Moderate
37.21058333,73.75365899,27.99662571,74.40982287,Child,Urban,Moderate,Low,Low
42.96593313,62.33176485,81.71030657,116.3908934,Child,Rural,High,Moderate,Moderate
38.90536634,108.0803665,15.2749453,140.9581067,Elderly,Rural,High,Low,Moderate
34.20996051,63.59678395,48.71423733,154.0898596,Adult,Urban,Low,Moderate,High
23.39631313,66.55180643,12.78319458,145.1256005,Child,Urban,Low,Low,Moderate
33.3210765,95.03532288,7.631474211,74.98323969,Child,Slum,Low,Low,Low
34.25481667,69.90019818,16.28628649,67.23419819,Child,Slum,Low,Low,Low
33.84532735,80.44309547,26.06707151,79.31231318,Child,Urban,Low,Low,Low
37.58334654,58.01334144,173.0424485,113.4185737,Child,Urban,Moderate,Moderate,Moderate
47.86679902,70.88827651,2.082961525,88.69825179,Adult,Slum,High,Low,Low
38.37140234,68.27733971,6.347112894,126.2014649,Child,Urban,High,Low,Moderate
34.83623365,61.84862843,24.96132311,175.5432908,Child,Urban,Low,Low,High
21.70324321,38.82435018,24.60490371,70.37439689,Adult,Rural,Low,Low,Low
33.28656203,64.42838701,59.36847985,114.0048813,Elderly,Slum,Low,Moderate,Moderate
37.6388238,82.49835816,15.76468703,66.93843936,Child,Slum,Moderate,Low,Low
39.67839197,89.07332642,0.824095737,91.82119586,Child,Urban,High,Low,Low
31.35842425,71.48118666,5.900331284,114.7861942,Child,Slum,Low,Low,Moderate
28.88936096,80.69497645,3.142201005,152.5545563,Adult,Urban,Low,Low,High
30.29793113,73.51978008,15.18427468,130.1102203,Adult,Slum,Low,Low,Moderate
29.59468336,79.2390341,10.40800766,53.20883312,Elderly,Slum,Low,Low,Low
43.82343467,51.37748154,14.32619424,87.34778364,Child,Rural,Moderate,Low,Low
27.21685413,79.09014927,29.35686737,169.8677895,Child,Rural,Low,Low,High
24.15061156,43.69795876,88.95801663,98.2031106,Elderly,Slum,Low,Moderate,Low
32.27540457,75.98704172,60.85514783,158.8729076,Elderly,Slum,Low,High,High
34.84520875,64.96427391,0.681767684,173.8417683,Child,Rural,Low,Low,High
36.53900884,44.34747411,30.11091996,95.08581988,Adult,Urban,Moderate,Moderate,Low
32.90928483,50.6732893,9.536294152,124.0326969,Elderly,Urban,Low,Low,Moderate
35.97922628,55.32440834,9.608439858,200.2229618,Elderly,Rural,Moderate,Low,High
38.5879579,62.9627842,0.331701889,141.0774965,Elderly,Urban,High,Low,Moderate
36.28014867,84.74036476,27.52751156,79.84968434,Child,Rural,Moderate,Low,Low
37.55148195,67.62847765,14.49332398,152.2637299,Child,Urban,Moderate,Low,High
31.87590711,70.39136575,5.455851151,106.0794765,Adult,Urban,Low,Low,Moderate
35.99279181,48.48452549,14.79426771,143.2408804,Child,Urban,Moderate,Low,Moderate
30.38383377,49.72473092,38.0869196,142.9586784,Child,Urban,Low,Moderate,Moderate
26.23213141,101.2197199,82.85764943,107.8178545,Elderly,Urban,Low,High,Moderate
30.7082111,80.50464819,0.950390365,144.3026746,Adult,Slum,Low,Low,Moderate
27.40410009,69.91995294,27.2528652,93.64924697,Elderly,Urban,Low,Low,Low
40.74636663,59.45235362,3.381567443,127.1938167,Elderly,Urban,Moderate,Low,Moderate
33.32573864,99.6254103,17.11871997,118.1094139,Elderly,Slum,Low,Low,Moderate
38.53875968,61.56299836,48.19564692,76.48876259,Child,Urban,High,Moderate,Low
39.64741254,43.55699607,2.881522038,165.7654081,Elderly,Rural,Moderate,Low,High
34.62783285,79.31008146,6.141908457,162.5827471,Child,Slum,Low,Low,High
35.59802834,82.25047777,32.25713146,144.7464784,Child,Slum,Moderate,Moderate,Moderate
39.16961077,76.88770119,8.617185466,58.93792553,Elderly,Slum,High,Low,Low
34.71047546,82.27727102,1.036065706,125.3539062,Child,Urban,Low,Low,Moderate
29.5947173,85.7972928,77.46746014,165.1627775,Child,Slum,Low,High,High
34.59792113,63.01824726,52.96792624,155.4606965,Elderly,Urban,Low,Moderate,High
35.48060388,63.06587067,7.841287236,78.30060503,Adult,Urban,Moderate,Low,Low
41.38963415,66.0845912,11.36281144,125.3993888,Child,Urban,High,Low,Moderate
42.23488942,72.94832165,11.51488821,154.710601,Adult,Slum,High,Low,High
36.41516103,49.75804643,0.741102412,143.4201384,Elderly,Urban,Moderate,Low,Moderate
35.41141995,85.98220563,83.93975528,168.926838,Adult,Slum,Moderate,High,High
31.58284105,62.35213634,29.62598723,20.61553684,Adult,Rural,Low,Low,Low
32.77248739,91.80076716,16.41208727,85.09477491,Child,Urban,Low,Low,Low
38.96828971,65.49459268,10.15827319,87.80852333,Elderly,Rural,High,Low,Low
29.97929617,58.48303652,1.290143428,42.65286796,Child,Rural,Low,Low,Low
28.96302084,53.9413288,89.84868761,147.3049295,Child,Rural,Low,Moderate,Moderate
39.92161199,66.79016734,86.86684809,212.3889102,Adult,Slum,High,Moderate,High
31.68051543,87.50654372,21.56555258,184.8443423,Elderly,Urban,Low,Low,High
31.81130008,62.03504567,7.472546959,142.2150727,Elderly,Urban,Low,Low,Moderate
31.88564752,62.56046431,104.3125265,113.2754042,Elderly,Slum,Low,Moderate,Moderate
42.10252124,61.43880559,35.72386207,133.7447436,Adult,Slum,High,Moderate,Moderate
33.11723674,59.42183896,23.09918953,91.85519748,Child,Urban,Low,Low,Low
42.73752601,96.9381651,2.878377089,105.498599,Elderly,Rural,High,Low,Moderate
37.91900188,78.15248654,24.01244345,163.3443862,Child,Urban,Moderate,Low,High
34.11526386,58.02554133,13.98936236,155.3640335,Elderly,Urban,Low,Low,High
30.24658104,57.38636803,7.460887835,119.668877,Child,Urban,Low,Low,Moderate
32.4119435,73.35681927,57.15595869,-19.23235315,Adult,Urban,Low,Moderate,Low
30.64888379,88.08442117,12.82254402,133.725402,Child,Urban,Low,Low,Moderate
38.40945745,97.70060989,9.319444368,129.6009095,Adult,Rural,High,Low,Moderate
36.5277716,83.99494964,60.58861915,136.867397,Adult,Slum,Moderate,High,Moderate
39.10241091,77.60911047,35.86738993,160.340833,Child,Urban,High,Moderate,High
42.65844401,60.26213013,63.82638954,139.2224843,Elderly,Urban,High,Moderate,Moderate
34.1644096,72.2007053,12.24440948,92.41838716,Child,Rural,Low,Low,Low
37.47477759,76.27378832,21.24585916,136.0164812,Elderly,Slum,Moderate,Low,Moderate
35.95549534,70.69654822,29.97497247,150.1321708,Elderly,Rural,Moderate,Low,High
28.24875794,92.42700618,3.394410519,128.545217,Child,Rural,Low,Low,Moderate
36.24691842,93.6617992,98.89863833,168.3592778,Elderly,Urban,Moderate,High,High
27.79252876,72.63318745,2.107429509,136.3404939,Adult,Urban,Low,Low,Moderate
40.36815875,54.60227051,2.091777822,47.60164396,Elderly,Rural,Moderate,Low,Low
39.82507481,62.79802198,61.56338535,125.1121079,Adult,Rural,High,Moderate,Moderate
32.20539076,75.65817813,42.59717193,114.7584637,Child,Rural,Low,Moderate,Moderate
24.8237988,80.98185411,17.71244962,163.20276,Elderly,Slum,Low,Low,High
27.7599305,37.01791065,5.360303774,145.9454534,Child,Rural,Low,Low,Moderate
39.9365445,86.82779784,9.57557546,172.421753,Elderly,Urban,High,Low,High
38.25100589,68.51236204,16.32771428,70.90960876,Adult,Rural,High,Low,Low
43.30068477,83.46832808,7.839174375,111.7373133,Child,Rural,High,Low,Moderate
28.74230288,91.65646906,59.93214176,140.2200724,Adult,Urban,Low,High,Moderate
34.85537558,74.04504036,44.96331914,110.7977426,Adult,Slum,Low,Moderate,Moderate
37.8488364,76.7156284,42.94176338,82.2252489,Child,Rural,Moderate,Moderate,Low
36.61622881,88.73802651,19.70575081,139.6561827,Child,Urban,Moderate,Low,Moderate
31.61803849,97.01410649,6.713990247,90.36670368,Elderly,Rural,Low,Low,Low
34.92855484,46.12893029,47.9192187,142.5880425,Adult,Slum,Low,Moderate,Moderate
32.76908283,41.65688904,0.350657582,113.0786049,Child,Rural,Low,Low,Moderate
31.55920155,107.0841919,10.34504145,100.1653529,Child,Slum,Low,Low,Moderate
38.92900079,76.38186343,45.40351916,119.0329209,Adult,Urban,High,Moderate,Moderate
32.1449764,66.05017146,129.5154797,103.8684199,Child,Rural,Low,Moderate,Moderate
34.9819873,52.62452966,28.88227305,140.9955511,Adult,Slum,Low,Low,Moderate
43.90812545,56.85521998,12.95243673,121.5064093,Elderly,Slum,Moderate,Low,Moderate
29.99189995,65.78349561,25.14802212,159.5553095,Adult,Slum,Low,Low,High
38.11654903,62.59805775,3.313464519,102.2006671,Elderly,Urban,High,Low,Moderate
41.99677718,83.86950524,0.962872402,192.479205,Elderly,Urban,High,Low,High
36.78962864,75.89894727,48.54347618,147.2578032,Adult,Slum,Moderate,Moderate,Moderate
40.24776358,61.97147183,2.505193493,124.5813346,Elderly,Rural,High,Low,Moderate
39.75072735,67.0307031,30.94917005,172.6911291,Elderly,Slum,High,Moderate,High
43.67981902,72.96866175,2.554646997,78.73695013,Adult,Rural,High,Low,Low
32.35350881,79.28029822,20.68635326,165.1729775,Child,Rural,Low,Low,High
43.63771585,76.54485505,7.780798371,74.88691118,Elderly,Rural,High,Low,Low
37.82138694,62.46616426,0.933963496,128.4637988,Child,Urban,Moderate,Low,Moderate
33.71311731,44.97123889,60.81059776,157.3151634,Elderly,Rural,Low,Moderate,High
39.36579274,42.03502708,13.91056952,83.93597016,Adult,Rural,Moderate,Low,Low
36.12225909,85.70647454,17.32047243,115.784323,Child,Slum,Moderate,Low,Moderate
43.90414606,45.50571579,26.92041366,97.08926302,Adult,Slum,Moderate,Low,Low
42.38270175,90.70137031,39.62790045,136.0650202,Child,Urban,High,Moderate,Moderate
31.57194859,74.85700191,20.33462828,108.3404008,Elderly,Rural,Low,Low,Moderate
37.71800077,64.44078502,17.68011977,30.62294231,Child,Slum,Moderate,Low,Low
36.17599914,52.66647928,14.88212719,132.7689337,Child,Slum,Moderate,Low,Moderate
28.52659262,87.41240181,44.54675072,57.76405398,Child,Urban,Low,Moderate,Low
33.63802015,38.57263716,52.96229652,130.1669557,Adult,Slum,Low,Moderate,Moderate
27.21709051,63.57827259,28.8029675,86.46450036,Child,Rural,Low,Low,Low
37.6033221,82.70618515,19.30962509,168.9000366,Child,Slum,Moderate,Low,High
36.90967726,76.45062471,26.40993041,107.8676615,Adult,Slum,Moderate,Low,Moderate
36.89863093,65.0967883,1.763433202,97.96207542,Adult,Rural,Moderate,Low,Low
38.63814772,70.77918829,1.204152492,114.7633611,Child,Urban,High,Low,Moderate
29.82522568,67.15008419,21.23167511,137.9356117,Elderly,Urban,Low,Low,Moderate
39.58163837,75.19732714,18.19476807,35.96324554,Elderly,Urban,High,Low,Low
49.68876424,56.93299354,0.912959428,136.1356009,Elderly,Urban,Moderate,Low,Moderate
40.54091408,54.40141109,6.763891633,131.0627661,Elderly,Urban,Moderate,Low,Moderate
31.74643231,86.09631018,5.849432972,113.4415648,Adult,Urban,Low,Low,Moderate
39.35033865,77.43522832,86.80297162,118.7644946,Child,Urban,High,High,Moderate
45.01703634,84.44448294,25.36167276,132.3048302,Elderly,Slum,High,Low,Moderate
40.52762966,87.80545458,7.287959941,76.41627607,Child,Slum,High,Low,Low
43.15562926,58.42557516,32.17476955,131.8651328,Adult,Slum,Moderate,Moderate,Moderate
34.67930827,74.93143615,61.38100383,133.6240008,Child,Urban,Low,Moderate,Moderate
42.17590775,78.46604482,15.53250236,134.2220252,Adult,Urban,High,Low,Moderate
40.94735244,51.58588277,49.48373529,148.858651,Adult,Slum,Moderate,Moderate,Moderate
38.17698466,89.34634793,3.84212888,109.544003,Elderly,Rural,High,Low,Moderate
34.13464088,70.23368571,11.77287573,68.87909666,Child,Slum,Low,Low,Low
26.78129642,56.72254752,17.86393757,182.1024726,Child,Rural,Low,Low,High
31.80519126,50.1536531,7.734752926,126.7877517,Child,Urban,Low,Low,Moderate
31.49942063,86.34497298,18.68032845,181.3591248,Elderly,Rural,Low,Low,High
39.90882743,65.12752925,21.96174164,101.830229,Child,Rural,High,Low,Moderate
34.90032302,52.64883662,15.26596543,58.68816591,Child,Slum,Low,Low,Low
40.11285216,106.5962861,28.08754075,147.198923,Elderly,Rural,High,Low,Moderate
37.87734334,66.20971468,78.53307499,135.6833812,Child,Slum,Moderate,Moderate,Moderate
31.23017706,65.78987385,19.95847647,85.17709535,Adult,Slum,Low,Low,Low
30.07863812,84.56351098,23.24121414,95.3021355,Child,Slum,Low,Low,Low
39.59158303,46.44249095,37.77935174,95.86705739,Adult,Slum,Moderate,Moderate,Low
27.06594142,67.98597845,34.28801078,113.6310449,Adult,Urban,Low,Moderate,Moderate
35.52687753,49.98961758,37.03772998,126.4190483,Elderly,Urban,Moderate,Moderate,Moderate
30.31385976,90.96122055,23.9703375,116.9942333,Adult,Urban,Low,Low,Moderate
35.62612251,63.55891688,90.7260156,168.2461358,Adult,Slum,Moderate,Moderate,High
36.91985776,65.74087284,7.149422825,136.0476887,Adult,Rural,Moderate,Low,Moderate
27.98697364,96.24365115,54.95144947,108.9870711,Adult,Rural,Low,High,Moderate
38.75687994,81.20747836,9.639483682,91.96673285,Adult,Urban,High,Low,Low
33.52525161,88.71613109,33.0379651,129.5790985,Child,Urban,Low,Moderate,Moderate
31.08991182,103.3404344,5.518197448,70.48716224,Child,Rural,Low,Low,Low
38.1688844,76.20698646,7.328709801,168.9833775,Elderly,Urban,High,Low,High
43.11698281,46.9457806,14.87347995,130.710049,Adult,Slum,Moderate,Low,Moderate
34.55858976,108.6956401,132.1539949,136.5816726,Elderly,Rural,Low,High,Moderate
31.13847987,48.46571758,37.93268584,43.47574299,Elderly,Urban,Low,Moderate,Low
37.8449154,94.42594935,9.612797774,75.96882869,Adult,Slum,Moderate,Low,Low
31.44350688,61.20153881,21.96036966,112.098591,Elderly,Urban,Low,Low,Moderate
36.16892956,46.66156531,63.62768449,138.5050534,Adult,Slum,Moderate,Moderate,Moderate
45.58927975,52.41095115,33.21327452,70.66127595,Child,Urban,Moderate,Moderate,Low
43.36286193,76.28528514,18.77618784,123.8573488,Child,Rural,High,Low,Moderate
31.59556359,55.13961417,23.02498278,145.1765434,Elderly,Urban,Low,Low,Moderate
34.44386969,56.44138538,42.33769976,172.560379,Elderly,Slum,Low,Moderate,High
28.92728255,61.99136348,4.96096036,63.71423895,Child,Urban,Low,Low,Low
41.0654885,72.1257537,22.07900866,90.03283037,Elderly,Urban,High,Low,Low
36.12671377,62.08796015,52.47266205,134.4670634,Elderly,Urban,Moderate,Moderate,Moderate
38.54054338,84.35053475,1.104911042,77.17622647,Child,Slum,High,Low,Low
30.55126949,59.43568438,82.91853903,110.4447701,Child,Slum,Low,Moderate,Moderate
25.81897313,77.6198699,15.17422293,206.2297265,Adult,Urban,Low,Low,High
29.3427349,82.54485584,20.61277539,121.2506751,Child,Rural,Low,Low,Moderate
35.40914679,68.5166552,14.37124856,142.7376403,Adult,Slum,Moderate,Low,Moderate
37.99797057,62.3931541,15.47414894,110.5458105,Elderly,Slum,Moderate,Low,Moderate
37.68254922,56.52298027,12.74401279,122.0214326,Adult,Urban,Moderate,Low,Moderate
35.85248618,66.62280209,59.4181963,127.9031569,Adult,Slum,Moderate,Moderate,Moderate
34.87486521,82.26649449,27.96139649,93.98347861,Adult,Rural,Low,Low,Low
37.64846566,32.1142205,4.747863331,122.5582715,Elderly,Slum,Moderate,Low,Moderate
31.95243899,67.19543046,0.784526399,140.3103068,Elderly,Urban,Low,Low,Moderate
35.26994209,42.96386639,21.16520924,94.13881915,Adult,Urban,Moderate,Low,Low
30.30332303,67.83868666,30.71847613,141.6045085,Adult,Rural,Low,Moderate,Moderate
28.58750689,55.50224461,1.899366269,136.6876186,Adult,Rural,Low,Low,Moderate
33.93278565,92.36089205,1.797717003,97.4540389,Child,Urban,Low,Low,Low
32.94534422,64.49163676,3.195696107,91.72972971,Child,Slum,Low,Low,Low
33.05911591,72.55624334,21.36513757,58.62805494,Elderly,Rural,Low,Low,Low
39.56217625,77.49290478,16.65813484,211.5472828,Adult,Rural,High,Low,High
28.16560651,66.62851897,13.7545555,168.3123723,Elderly,Rural,Low,Low,High
33.41674985,83.17965265,0.332776801,150.487936,Adult,Slum,Low,Low,High
32.117448,31.13436562,0.581365184,154.524009,Adult,Urban,Low,Low,High
31.01779909,71.63268445,7.269862682,75.25474287,Adult,Urban,Low,Low,Low
34.92345075,78.68937249,3.487123626,41.59367967,Elderly,Rural,Low,Low,Low
45.30279308,52.10410068,11.77687785,118.3964595,Adult,Rural,Moderate,Low,Moderate
34.1352697,95.6756272,14.14277689,85.0071848,Adult,Slum,Low,Low,Low
23.61813246,74.27334839,93.25674189,128.2837545,Child,Urban,Low,Moderate,Moderate
31.65463631,85.59857031,34.95551804,56.03454054,Elderly,Rural,Low,Moderate,Low
32.96638458,68.67486011,30.41722894,156.8539841,Adult,Slum,Low,Moderate,High
38.71047686,74.48938871,30.37328676,94.38026261,Elderly,Urban,High,Moderate,Low
35.84197596,52.13064791,40.11755757,122.5074159,Adult,Urban,Moderate,Moderate,Moderate
45.06693624,72.04802997,1.276983582,129.4784566,Child,Rural,High,Low,Moderate
32.72589842,57.962609,10.55213944,171.952453,Child,Rural,Low,Low,High
41.00206954,60.14658582,32.48547053,101.9436137,Child,Slum,High,Moderate,Moderate
32.81973256,74.23815289,43.36511398,91.68589293,Adult,Rural,Low,Moderate,Low
39.98023843,58.64807367,29.39797516,69.89643951,Adult,Slum,Moderate,Low,Low
32.48768757,74.21769343,44.70085675,82.97516601,Adult,Slum,Low,Moderate,Low
37.27943886,102.4750352,1.285697619,178.2247476,Elderly,Urban,Moderate,Low,High
43.99635788,81.18701877,32.05517672,143.7371669,Adult,Rural,High,Moderate,Moderate
33.17523635,57.41185499,78.96754519,96.20894982,Adult,Rural,Low,Moderate,Low
28.59351163,43.93405367,28.47523442,42.08465947,Adult,Urban,Low,Low,Low
33.89373188,65.8478005,65.39109243,66.3778728,Elderly,Urban,Low,Moderate,Low
39.5650011,74.56189256,56.22444384,130.6359392,Child,Rural,High,Moderate,Moderate
34.16439143,74.23869926,42.20004662,168.5492575,Child,Slum,Low,Moderate,High
34.29978574,83.3289832,32.02752572,149.3779613,Adult,Slum,Low,Moderate,Moderate
35.90510779,50.54752078,125.3377979,116.22513,Child,Urban,Moderate,Moderate,Moderate
34.57053375,82.19034138,7.205310251,143.1164206,Adult,Rural,Low,Low,Moderate
41.19141536,70.31907365,39.59290856,212.0164034,Elderly,Slum,High,Moderate,High
40.37716532,41.51235418,24.97379422,123.137176,Child,Urban,Moderate,Low,Moderate
38.76670811,75.71737577,30.34206465,95.1048722,Child,Slum,High,Moderate,Low
37.39044998,66.24297942,8.497910021,119.2150606,Child,Slum,Moderate,Low,Moderate
33.95488371,57.24219319,48.29378457,130.4265133,Elderly,Slum,Low,Moderate,Moderate
27.9974602,80.79755936,6.248562019,177.8601574,Child,Rural,Low,Low,High
40.98315743,60.85325644,24.23833006,62.00573738,Child,Slum,High,Low,Low
29.46845909,63.18715663,62.78206837,87.18624702,Adult,Urban,Low,Moderate,Low
43.63481926,64.00545722,65.19827038,52.04603201,Child,Rural,High,Moderate,Low
42.2859788,95.21638472,0.096703601,89.96377801,Elderly,Rural,High,Low,Low
27.37171843,88.93876155,47.42512464,127.2446604,Child,Slum,Low,Moderate,Moderate
30.82118932,103.2137729,2.011565355,108.1593109,Adult,Rural,Low,Low,Moderate
42.71054976,100.0913933,24.67445679,185.2371673,Child,Slum,High,Low,High
39.78220174,60.6281568,52.29755066,153.1140038,Child,Slum,High,Moderate,High
30.90900558,69.94938314,1.810050782,164.6360821,Child,Urban,Low,Low,High
31.75367211,84.21738704,21.848875,147.281378,Elderly,Urban,Low,Low,Moderate
29.29155443,67.09510811,11.93351446,86.26957583,Elderly,Rural,Low,Low,Low
34.32378552,77.2008937,39.91592721,65.38151911,Elderly,Urban,Low,Moderate,Low
29.87906588,97.8113885,30.33266387,106.0155125,Adult,Slum,Low,Moderate,Moderate
36.30831486,87.21113995,14.52711511,107.8310448,Adult,Rural,Moderate,Low,Moderate
44.42293153,93.14865292,6.117742139,63.56702008,Child,Slum,High,Low,Low
29.12764737,62.08334704,21.89923781,150.8575597,Elderly,Slum,Low,Low,High
36.61583857,67.78596121,9.004656546,161.3185579,Elderly,Urban,Moderate,Low,High
34.02527396,64.46754656,48.68227732,136.0708513,Elderly,Rural,Low,Moderate,Moderate
29.15041582,26.9160668,4.298101707,128.227455,Child,Slum,Low,Low,Moderate
33.10772974,26.93076006,39.22540804,113.5638037,Elderly,Urban,Low,Moderate,Moderate
31.9889397,77.03161384,28.26558039,135.8123785,Elderly,Rural,Low,Low,Moderate
32.13281089,75.30224359,2.143527225,124.8602005,Adult,Urban,Low,Low,Moderate
34.49922962,66.94489375,9.102381941,134.2008982,Adult,Urban,Low,Low,Moderate
33.89443452,57.39577854,42.73836761,83.08679241,Elderly,Urban,Low,Moderate,Low
42.46344284,65.93314598,2.028013163,98.95687871,Child,Rural,High,Low,Low
34.92990231,71.52466432,15.88474266,74.75894434,Child,Urban,Low,Low,Low
38.68421949,65.78008664,0.661951481,129.8830951,Adult,Urban,High,Low,Moderate
35.43665529,80.53609854,1.610185149,123.8699958,Elderly,Urban,Moderate,Low,Moderate
27.18727072,62.06420984,39.37135689,75.58401931,Child,Rural,Low,Moderate,Low
37.83527759,50.00264034,107.2722339,216.5916399,Child,Slum,Moderate,Moderate,High
26.92434092,87.47109032,3.634393307,102.9297153,Adult,Slum,Low,Low,Moderate
32.29082506,79.49442627,24.71290455,102.0169585,Adult,Slum,Low,Low,Moderate
29.92089091,70.92519775,59.01333492,108.1783504,Child,Rural,Low,Moderate,Moderate
35.76157757,75.69223086,2.557762364,192.4601925,Child,Rural,Moderate,Low,High
29.63930494,26.17974275,5.437547329,102.0647912,Child,Slum,Low,Low,Moderate
45.05004645,96.54793631,23.65222423,78.62508688,Child,Rural,High,Low,Low
35.10396854,59.07995588,49.25939365,94.11037448,Adult,Urban,Moderate,Moderate,Low
34.70559095,60.57272704,8.977292722,144.0990884,Adult,Slum,Low,Low,Moderate
32.58628239,55.70007088,42.41015243,62.1548787,Adult,Rural,Low,Moderate,Low
35.47496876,64.59289894,18.00278689,140.45662,Child,Rural,Moderate,Low,Moderate
39.41554889,68.83244204,23.21131758,81.06213034,Child,Rural,High,Low,Low
34.97301312,85.57583134,14.36140386,140.2169637,Child,Rural,Low,Low,Moderate
35.56635205,48.42583033,10.15402101,134.5028326,Elderly,Rural,Moderate,Low,Moderate
41.84210977,87.82218602,15.12396588,141.4697449,Adult,Urban,High,Low,Moderate
35.33927755,82.79160513,5.157648348,159.3029385,Adult,Urban,Moderate,Low,High
38.28180435,82.50711009,70.97956938,102.8897725,Child,Urban,High,High,Moderate
33.32612334,63.94527305,6.108495008,131.9192895,Adult,Urban,Low,Low,Moderate
38.80452372,67.0070699,28.65859007,73.47242156,Elderly,Urban,High,Low,Low
35.12109728,91.18330833,102.4527577,130.6022418,Adult,Slum,Moderate,High,Moderate
34.77486589,87.23100224,5.444033871,177.2936812,Adult,Rural,Low,Low,High
34.06427867,84.78594994,5.310472334,121.3089797,Child,Slum,Low,Low,Moderate
33.66542644,96.89383887,66.28870817,128.9582111,Elderly,Rural,Low,High,Moderate
35.97192151,64.70250561,6.225929825,130.8389816,Child,Slum,Moderate,Low,Moderate
36.5209646,97.11814238,11.32164452,134.031407,Elderly,Urban,Moderate,Low,Moderate
41.58557534,68.2289721,18.44478955,116.3532352,Elderly,Slum,High,Low,Moderate
23.79975051,62.52456412,5.726157568,159.7075416,Elderly,Urban,Low,Low,High
39.20310013,78.20100352,3.182072283,97.38860894,Child,Rural,High,Low,Low
32.9464567,60.05929342,41.44832083,38.81304529,Adult,Slum,Low,Moderate,Low
41.0857926,92.81974078,13.03330114,115.8790719,Elderly,Slum,High,Low,Moderate
41.12566174,70.56925654,4.049335715,125.4217837,Child,Slum,High,Low,Moderate
29.10480104,87.81519083,34.78214592,103.9173302,Child,Rural,Low,Moderate,Moderate
37.62132339,62.36207139,30.89066303,151.1012496,Elderly,Slum,Moderate,Moderate,High
35.6318979,99.08393499,10.92871651,161.1473044,Child,Urban,Moderate,Low,High
28.41625577,80.85415881,32.80739052,146.6984313,Adult,Slum,Low,Moderate,Moderate
37.04909328,66.38113518,33.32652652,81.34750457,Child,Urban,Moderate,Moderate,Low
35.75068058,44.42682169,59.97759576,28.9203517,Child,Urban,Moderate,Moderate,Low
24.13665227,82.71132516,112.9085148,112.4986352,Adult,Urban,Low,High,Moderate
30.28717304,66.67208644,58.63011887,136.8673787,Child,Urban,Low,Moderate,Moderate
37.56552899,66.10679984,42.06806675,155.5465101,Child,Slum,Moderate,Moderate,High
32.36622284,79.89070879,3.583120274,104.5409313,Child,Slum,Low,Low,Moderate
36.83643657,97.57275515,3.045519646,44.59199792,Adult,Rural,Moderate,Low,Low
33.51866278,45.90434492,10.69678187,151.1693614,Child,Rural,Low,Low,High
39.75153796,95.65920059,66.85286671,149.372187,Child,Slum,High,High,Moderate
31.75334344,71.24683698,161.6966433,101.3158637,Child,Slum,Low,Moderate,Moderate
35.35026082,87.42817454,1.972686965,133.901215,Elderly,Rural,Moderate,Low,Moderate
40.81754384,73.97733291,53.03310959,145.6772214,Adult,Slum,High,Moderate,Moderate
35.94790808,85.01569139,21.85989529,47.59870387,Elderly,Slum,Moderate,Low,Low
31.56033067,92.11084079,27.63332723,105.919477,Child,Rural,Low,Low,Moderate
34.31275743,84.29311821,28.02520886,168.8720221,Elderly,Slum,Low,Low,High
43.74790653,54.78371684,21.54556791,151.3148097,Child,Slum,Moderate,Low,High
33.76968756,57.35130107,20.06341826,136.9693704,Elderly,Rural,Low,Low,Moderate
35.71669584,92.1861846,21.17275467,144.4457462,Elderly,Urban,Moderate,Low,Moderate
31.88675319,72.91911183,8.806641717,102.4164516,Elderly,Slum,Low,Low,Moderate
23.96124542,66.69708059,6.548326513,37.28581094,Adult,Urban,Low,Low,Low
27.47639813,81.40083946,6.957680956,111.8025985,Adult,Rural,Low,Low,Moderate
35.03434127,86.26719375,25.46237228,96.89879626,Child,Rural,Moderate,Low,Low
25.62413765,71.72539119,80.53897031,88.83393392,Adult,Rural,Low,Moderate,Low
34.02834227,56.70669485,12.70382332,130.7464571,Child,Urban,Low,Low,Moderate
40.38003569,70.31967473,20.40968774,104.0355259,Adult,Slum,High,Low,Moderate
31.73551614,49.3344884,15.88094632,45.68031834,Child,Rural,Low,Low,Low
36.33563326,77.63087535,28.08755003,156.8499074,Adult,Slum,Moderate,Low,High
32.28813839,72.17301497,34.80728296,95.40908539,Child,Urban,Low,Moderate,Low
33.65734676,56.63211662,18.27722657,84.47408417,Adult,Slum,Low,Low,Low
33.46559426,92.82097747,2.209643715,100.362502,Elderly,Slum,Low,Low,Moderate
33.87572009,60.24996129,85.27782917,169.0562058,Elderly,Slum,Low,Moderate,High
40.78548193,87.64262658,0.305485613,50.64065882,Child,Rural,High,Low,Low
38.54107212,73.49824197,28.44687132,135.2615425,Child,Rural,High,Low,Moderate
38.18298163,70.87526506,4.599330306,90.20863173,Elderly,Rural,High,Low,Low
34.83385005,66.87824714,10.48845658,227.1243949,Elderly,Urban,Low,Low,High
32.57174412,40.60914661,39.18830516,149.3059744,Child,Slum,Low,Moderate,Moderate
39.847286,76.40791543,35.37770592,193.6086854,Adult,Urban,High,Moderate,High
31.27263254,55.84223942,46.67480448,76.21653842,Child,Rural,Low,Moderate,Low
41.9623265,66.24930228,51.85042303,47.22768285,Adult,Slum,High,Moderate,Low
31.53406586,42.46513551,27.56939283,166.8498316,Child,Slum,Low,Low,High
40.16273102,86.90057705,14.07865513,109.8698036,Elderly,Slum,High,Low,Moderate
28.9277036,55.53393618,0.773314632,102.7937346,Adult,Rural,Low,Low,Moderate
41.55154373,90.93525716,12.49293801,113.9757632,Adult,Slum,High,Low,Moderate
31.43123072,86.65453543,27.92532738,72.66375247,Child,Urban,Low,Low,Low
28.82825564,61.11303611,132.7755093,195.655514,Elderly,Urban,Low,Moderate,High
32.68951991,69.31044988,0.837688873,74.13341142,Child,Urban,Low,Low,Low
37.73142124,70.09633405,14.54531834,76.07418088,Elderly,Slum,Moderate,Low,Low
33.1909433,42.94327867,69.10251808,105.8005086,Adult,Rural,Low,Moderate,Moderate
38.48477202,64.99270765,27.71025362,58.41333923,Child,Urban,High,Low,Low
27.56861485,77.93436905,5.022221397,38.44154892,Child,Rural,Low,Low,Low
43.662575,103.4695022,43.05216415,111.2337592,Child,Slum,High,Moderate,Moderate
41.13860439,54.0489699,6.493374813,85.06361464,Adult,Urban,Moderate,Low,Low
34.15928091,62.91864133,9.451503201,122.4446244,Elderly,Slum,Low,Low,Moderate
37.46975936,84.42132528,4.496677725,47.01103812,Elderly,Urban,Moderate,Low,Low
45.37041335,56.20923113,20.13557313,131.6744705,Child,Urban,Moderate,Low,Moderate
39.49732486,99.41036908,6.743550978,165.0943297,Adult,Rural,High,Low,High
32.67344772,68.41077469,19.36192887,59.01914854,Elderly,Slum,Low,Low,Low
36.20462499,73.98829447,61.1995087,190.764668,Adult,Slum,Moderate,Moderate,High
36.5402527,64.12527149,3.999798887,93.38058341,Child,Urban,Moderate,Low,Low
39.36584715,68.13073306,118.8795664,73.09633565,Elderly,Urban,High,Moderate,Low
40.63025125,69.22909415,26.65527141,62.07774512,Adult,Rural,High,Low,Low
30.78628705,79.59680998,14.65923128,90.98924088,Child,Urban,Low,Low,Low
24.32162893,117.066228,25.83128884,167.7582504,Elderly,Urban,Low,Low,High
33.31551087,76.22047793,93.73912996,179.6767859,Child,Urban,Low,High,High
34.0133079,67.73090075,57.71664573,166.6322408,Child,Urban,Low,Moderate,High
33.9777251,67.97118512,21.42698725,160.1426624,Adult,Urban,Low,Low,High
38.27950388,72.92104292,0.579035081,198.2825456,Adult,Slum,High,Low,High
33.79292795,84.27940545,4.331188668,164.0462305,Child,Slum,Low,Low,High
30.14171633,49.30572753,48.95621288,84.22600349,Elderly,Urban,Low,Moderate,Low
31.58020249,61.96579992,0.432561892,154.2646842,Adult,Urban,Low,Low,High
38.62547893,77.74267431,40.46719811,136.8551924,Elderly,Rural,High,Moderate,Moderate
32.03079919,80.45654284,43.58789177,167.2981531,Adult,Rural,Low,Moderate,High
36.75724104,86.05225357,2.783357172,87.19034682,Child,Urban,Moderate,Low,Low
34.87986071,45.39600041,2.048681417,54.69766388,Child,Rural,Low,Low,Low
31.0379004,65.38057706,49.5445713,121.2076315,Elderly,Urban,Low,Moderate,Moderate
38.04303721,63.05096567,20.8318949,111.2222475,Elderly,Urban,High,Low,Moderate
38.29622834,84.06355206,1.545936885,113.5454251,Elderly,Urban,High,Low,Moderate
31.45213854,55.02955244,9.897005354,89.46274639,Elderly,Rural,Low,Low,Low
39.14737421,67.09260792,11.63593392,58.3682783,Child,Slum,High,Low,Low
34.3374166,71.18344145,27.75185477,120.9255489,Elderly,Urban,Low,Low,Moderate
41.80329298,50.36769401,3.934735328,120.3185713,Adult,Slum,Moderate,Low,Moderate
40.01854762,102.8123324,29.40759159,68.38542062,Adult,Urban,High,Low,Low
36.04829708,62.62545722,8.309452977,153.7349049,Child,Urban,Moderate,Low,High
37.79724538,73.54872626,22.0296954,174.7883511,Child,Urban,Moderate,Low,High
36.96207984,62.36554561,9.499298073,46.66635342,Adult,Slum,Moderate,Low,Low
34.85958067,75.02858031,1.675912792,82.1003146,Adult,Slum,Low,Low,Low
30.88790034,86.81546001,0.004041062,94.95239871,Elderly,Rural,Low,Low,Low
35.07689491,84.32644569,1.94222414,78.68523086,Adult,Rural,Moderate,Low,Low
39.12549132,56.99304676,11.40577185,109.080984,Adult,Slum,Moderate,Low,Moderate
31.1123048,80.93027196,11.27782636,100.4721201,Child,Rural,Low,Low,Moderate
36.31280665,72.90384867,17.06516018,110.9495652,Adult,Urban,Moderate,Low,Moderate
38.78026661,69.0167859,14.71347941,199.2676723,Elderly,Slum,High,Low,High
42.11374068,83.89323103,0.131184495,140.8897472,Adult,Urban,High,Low,Moderate
30.91798007,72.87260408,42.94349573,122.7348252,Adult,Urban,Low,Moderate,Moderate
35.44328795,72.95973561,10.61688747,128.1321177,Child,Rural,Moderate,Low,Moderate
33.57658482,63.42835264,13.39097876,125.5910788,Adult,Rural,Low,Low,Moderate
35.00263979,79.01810123,17.00755125,62.34071754,Child,Rural,Moderate,Low,Low
33.95273717,48.93153614,1.613260222,63.3400946,Elderly,Rural,Low,Low,Low
32.73375795,91.78701302,51.80948519,104.1335136,Child,Urban,Low,High,Moderate
37.41262024,64.44114215,63.64711618,204.1522437,Adult,Rural,Moderate,Moderate,High
38.35240309,53.9221415,28.07583894,90.31975457,Adult,Rural,Moderate,Low,Low
32.91018248,89.11887813,11.37758072,152.4024922,Child,Urban,Low,Low,High
29.05294054,94.6400943,37.46982512,127.6917191,Elderly,Rural,Low,Moderate,Moderate
34.25888561,56.82275745,1.795428685,63.49856946,Child,Rural,Low,Low,Low
35.20459588,54.96718816,9.342554017,58.98723639,Child,Slum,Moderate,Low,Low
29.33092202,66.72946183,15.5400265,14.44765999,Elderly,Urban,Low,Low,Low
47.06307711,81.76906432,0.299201714,141.5224688,Adult,Urban,High,Low,Moderate
34.79159599,100.2686195,11.21305739,128.6526753,Child,Urban,Low,Low,Moderate
38.57690658,80.77278589,22.10018779,110.492195,Elderly,Rural,High,Low,Moderate
35.96117382,84.71280174,21.89187827,90.31081919,Adult,Slum,Moderate,Low,Low
28.80446462,47.98712101,0.040636281,159.5467668,Child,Rural,Low,Low,High
28.24277118,80.05329846,18.37444359,147.0786555,Elderly,Slum,Low,Low,Moderate
26.99548011,57.57254463,2.038565719,90.27462941,Child,Rural,Low,Low,Low
31.01498598,95.07224337,19.26277766,115.6976347,Adult,Slum,Low,Low,Moderate
35.10443244,73.46051359,98.71788239,111.7708964,Elderly,Urban,Moderate,Moderate,Moderate
31.74991666,60.06803732,4.552709621,96.08766454,Child,Urban,Low,Low,Low
41.40821898,78.36536591,25.90371968,133.0282943,Child,Urban,High,Low,Moderate
33.15207236,50.52809672,33.63772971,183.1242723,Elderly,Slum,Low,Moderate,High
30.94571244,51.13633212,74.84356206,109.4808478,Adult,Urban,Low,Moderate,Moderate
25.82144363,74.95097501,1.926660374,144.7970533,Child,Rural,Low,Low,Moderate
30.82428549,101.3430808,4.325634018,121.5144766,Adult,Urban,Low,Low,Moderate
37.92286314,70.05704614,34.14745579,54.94722584,Adult,Urban,Moderate,Moderate,Low
34.04980482,64.63831866,49.34658907,207.505995,Adult,Slum,Low,Moderate,High
25.52763466,61.54449737,5.436656923,116.6786559,Adult,Slum,Low,Low,Moderate
27.88021424,66.00021506,1.538136586,137.9144699,Adult,Rural,Low,Low,Moderate
36.85547026,70.71942169,9.014582175,133.2737545,Child,Urban,Moderate,Low,Moderate
45.12154812,49.55238993,2.276691066,126.5097766,Child,Rural,Moderate,Low,Moderate
35.20689526,78.23062402,71.54601717,96.75415818,Elderly,Rural,Moderate,High,Low
37.12943603,70.28721666,42.47913671,116.6044073,Child,Slum,Moderate,Moderate,Moderate
28.78338036,55.57767446,30.70084657,153.234093,Elderly,Rural,Low,Moderate,High
30.21781812,77.08609417,24.97816163,119.7459377,Child,Urban,Low,Low,Moderate
42.81127566,79.27732571,7.789433129,111.7008991,Child,Urban,High,Low,Moderate
28.74796133,79.0677299,11.64364106,138.7828727,Child,Rural,Low,Low,Moderate
38.5705175,67.69260959,0.888109794,85.08281293,Child,Urban,High,Low,Low
45.49860895,66.29461449,3.783997603,89.6803111,Adult,Slum,High,Low,Low
27.16825134,49.83828294,42.10504353,55.86958133,Adult,Slum,Low,Moderate,Low
25.66730024,85.11270535,46.47132929,136.2590991,Elderly,Urban,Low,Moderate,Moderate
27.10192246,90.68064619,8.248856067,70.20675047,Elderly,Urban,Low,Low,Low
35.07136534,55.69090871,7.486658067,128.5561547,Child,Urban,Moderate,Low,Moderate
34.05293165,46.89628552,26.03136304,199.3354494,Child,Slum,Low,Low,High
43.08606287,71.56533906,9.959305452,151.1709555,Elderly,Urban,High,Low,High
33.54712448,91.16576352,19.40713537,103.7835997,Child,Urban,Low,Low,Moderate
27.74412155,69.81866578,26.83076291,97.97115217,Adult,Rural,Low,Low,Low
29.86890181,64.50652691,2.21450811,137.7552092,Elderly,Rural,Low,Low,Moderate
21.97893072,72.9842222,49.96098125,100.8573103,Elderly,Rural,Low,Moderate,Moderate
39.78863827,85.55570933,31.89596617,149.6236347,Adult,Slum,High,Moderate,Moderate
26.10706208,74.79477739,16.61346484,147.609472,Child,Urban,Low,Low,Moderate
22.20815808,59.02729894,10.86969074,79.07217955,Adult,Urban,Low,Low,Low
38.39686641,52.76808947,40.63181824,109.9307727,Elderly,Slum,Moderate,Moderate,Moderate
40.66811736,54.06554267,37.40863608,72.06866457,Child,Urban,Moderate,Moderate,Low
32.67797869,76.9309134,13.9059072,178.389275,Adult,Slum,Low,Low,High
26.39948725,61.02361097,23.59058659,129.1430611,Elderly,Rural,Low,Low,Moderate
30.84777797,77.83771158,45.51009918,142.739209,Adult,Urban,Low,Moderate,Moderate
35.5265466,46.17303189,37.59742981,151.7173941,Elderly,Urban,Moderate,Moderate,High
33.08014364,73.75300309,21.63741731,27.63265075,Adult,Slum,Low,Low,Low
35.78526803,86.2291309,18.58107733,159.8212988,Adult,Slum,Moderate,Low,High
36.1503538,77.46614634,39.16699732,103.0946576,Adult,Urban,Moderate,Moderate,Moderate
38.38299008,61.96061282,12.70926732,141.6009693,Elderly,Rural,High,Low,Moderate
37.19750615,81.68404755,38.9547427,145.3444616,Elderly,Slum,Moderate,Moderate,Moderate
35.43984411,34.13088353,5.339202838,117.0049625,Child,Slum,Moderate,Low,Moderate
38.47768879,82.73653166,14.55254529,117.5884403,Adult,Rural,High,Low,Moderate
37.27397585,81.61197192,50.96908803,79.94251694,Elderly,Slum,Moderate,High,Low
37.50332861,70.74660531,1.591541641,192.7689273,Child,Rural,Moderate,Low,High
35.19968199,66.43084679,48.28365964,130.7609627,Elderly,Slum,Moderate,Moderate,Moderate
24.2332854,86.45729068,4.237059303,75.31434692,Child,Rural,Low,Low,Low
29.93952557,75.64861023,47.78943175,152.3943137,Elderly,Urban,Low,Moderate,High
38.41784662,49.51066433,25.44116286,122.789874,Adult,Slum,Moderate,Low,Moderate
31.80117736,54.96292103,13.06034549,75.92827208,Adult,Rural,Low,Low,Low
27.38820407,86.69032562,39.58140312,92.59175209,Elderly,Rural,Low,Moderate,Low
34.24222272,59.44518176,17.00954738,157.2791902,Elderly,Rural,Low,Low,High
29.4173778,88.5371743,1.747491115,141.6422705,Elderly,Slum,Low,Low,Moderate
34.23257861,90.80886117,30.0131807,165.8649567,Elderly,Urban,Low,Moderate,High
33.20115677,50.10928471,41.70181914,108.2294051,Child,Urban,Low,Moderate,Moderate
32.35981501,62.39386577,117.918964,53.26193792,Adult,Rural,Low,Moderate,Low
35.16398498,58.62256998,5.93029382,180.543919,Adult,Slum,Moderate,Low,High
31.93319594,60.35864046,12.76349187,188.0608428,Elderly,Urban,Low,Low,High
27.51735372,60.24964098,6.894961286,50.10187661,Elderly,Urban,Low,Low,Low
34.35979147,84.22669525,103.7686071,68.56180905,Elderly,Urban,Low,High,Low
31.39131223,72.65231308,2.357780235,116.664629,Elderly,Urban,Low,Low,Moderate
35.92846295,72.95990894,29.31697414,87.49088172,Child,Urban,Moderate,Low,Low
28.50209382,82.44598627,0.456780417,167.5964559,Adult,Urban,Low,Low,High
40.0683787,46.37530796,9.486407731,157.0424951,Child,Rural,Moderate,Low,High
40.08830733,74.07242966,87.97355883,111.4035858,Elderly,Slum,High,Moderate,Moderate
36.38396725,94.96475647,34.19351959,148.9889543,Elderly,Urban,Moderate,Moderate,Moderate
33.85304628,69.34784575,26.23475253,106.9152721,Child,Rural,Low,Low,Moderate
26.88222381,68.35345744,54.94026821,139.8994103,Elderly,Urban,Low,Moderate,Moderate
37.82302963,54.70503492,113.1769043,85.42435716,Elderly,Rural,Moderate,Moderate,Low
34.29536043,74.7481049,17.07594767,127.5864351,Child,Rural,Low,Low,Moderate
32.81617881,45.90134349,38.56067256,120.6323018,Elderly,Urban,Low,Moderate,Moderate
34.56622125,93.52359638,8.313030691,171.6147249,Child,Rural,Low,Low,High
32.48512615,73.95230823,6.666956628,134.367322,Elderly,Slum,Low,Low,Moderate
37.83970872,59.52092747,8.533011434,85.17931577,Elderly,Slum,Moderate,Low,Low
34.66410855,59.26360016,39.5852669,184.5990728,Elderly,Slum,Low,Moderate,High
39.98546878,76.11815174,51.94542161,138.1012575,Child,Rural,High,High,Moderate
35.37977634,81.14023628,6.704884074,176.6808165,Child,Slum,Moderate,Low,High
38.40669752,72.31505031,2.127443208,188.4774878,Adult,Urban,High,Low,High
38.41664496,66.86029271,26.34449134,51.28823617,Adult,Urban,High,Low,Low
36.42434322,82.15517523,32.94004853,109.214335,Child,Urban,Moderate,Moderate,Moderate
33.84566813,91.79890995,29.84761972,153.228394,Elderly,Slum,Low,Low,High
29.91338046,45.76950323,31.43663343,38.57876629,Adult,Rural,Low,Moderate,Low
32.25221432,82.8938183,17.60526388,92.38453495,Child,Rural,Low,Low,Low
35.02046504,81.8975405,3.341130213,119.33857,Child,Rural,Moderate,Low,Moderate
32.53438589,91.65448005,31.94143527,92.03047131,Child,Urban,Low,Moderate,Low
32.53820963,78.14056597,64.03356457,78.44560841,Adult,Urban,Low,High,Low
37.85306499,84.52276991,3.510575214,79.68744405,Elderly,Rural,Moderate,Low,Low
29.41462929,71.49408635,23.00728749,53.60977658,Adult,Urban,Low,Low,Low
28.24462817,50.16313065,52.90488753,93.27717392,Child,Urban,Low,Moderate,Low
40.02767613,52.81692673,21.13438367,65.46509501,Child,Rural,Moderate,Low,Low
33.85100185,57.22890349,24.18082294,63.97304036,Adult,Slum,Low,Low,Low
35.0716603,76.26510548,54.58780549,153.8798835,Elderly,Rural,Moderate,High,High
37.10047245,79.1027589,17.35229542,75.87906178,Elderly,Urban,Moderate,Low,Low
36.79510076,55.18286748,35.52016361,141.3911418,Child,Rural,Moderate,Moderate,Moderate
32.91316593,65.57365129,5.419929568,124.4841979,Adult,Rural,Low,Low,Moderate
43.72319587,65.78470529,13.12127624,136.9986446,Elderly,Urban,High,Low,Moderate
33.91491475,65.37275817,21.97065003,63.29504263,Adult,Urban,Low,Low,Low
37.9992965,67.80869768,8.005159254,96.28293868,Child,Slum,Moderate,Low,Low
40.10691648,101.3266416,16.12407821,173.6680305,Adult,Urban,High,Low,High
23.34672618,86.28890044,5.651175487,162.2087541,Adult,Slum,Low,Low,High
21.8212613,70.0506326,61.3284796,141.9551538,Elderly,Rural,Low,Moderate,Moderate
46.09600636,73.77755126,3.739830864,83.32461233,Adult,Slum,High,Low,Low
30.52326839,63.87848741,35.33683915,101.0859431,Child,Slum,Low,Moderate,Moderate
28.57784813,68.01869492,21.26641288,127.0701917,Child,Rural,Low,Low,Moderate
33.50161676,69.24693074,47.21605903,118.1719908,Elderly,Rural,Low,Moderate,Moderate
31.17504026,100.4294339,35.00335788,158.3390611,Child,Urban,Low,Moderate,High
36.40318202,96.37930726,54.25820434,134.4576815,Child,Urban,Moderate,High,Moderate
36.69173333,38.71276212,47.04286277,112.5252161,Elderly,Urban,Moderate,Moderate,Moderate
28.40376403,66.95529044,57.92527132,116.3950104,Adult,Slum,Low,Moderate,Moderate
40.11692791,67.23123005,48.81853552,92.07217868,Adult,Urban,High,Moderate,Low
34.78588309,70.87034102,2.079653868,108.9719123,Child,Rural,Low,Low,Moderate
39.70348072,77.44247358,2.066509721,121.7707189,Child,Rural,High,Low,Moderate
31.96649853,73.16925538,14.12262589,108.2088286,Child,Rural,Low,Low,Moderate
41.73089132,53.83192283,12.94752177,92.45129334,Adult,Urban,Moderate,Low,Low
31.87827305,67.23211964,13.84079442,190.4675572,Child,Slum,Low,Low,High
33.58576727,89.34095295,0.251965611,158.720259,Child,Urban,Low,Low,High
38.25760996,52.93471494,19.84883728,130.7413595,Child,Rural,Moderate,Low,Moderate
42.56504633,90.94895337,41.79920583,136.5859194,Child,Rural,High,Moderate,Moderate
35.41913314,91.15688718,4.536009231,162.9698894,Adult,Slum,Moderate,Low,High
42.63093159,59.19040492,6.506465834,141.1532521,Adult,Urban,Moderate,Low,Moderate
36.48287773,76.94777193,71.65360092,141.6563028,Adult,Urban,Moderate,High,Moderate
42.2085838,81.76191386,25.93990606,132.4236504,Elderly,Rural,High,Low,Moderate
29.83738048,75.96890575,19.26912917,80.48677276,Elderly,Slum,Low,Low,Low
39.66616224,60.54531281,8.292399244,79.67778092,Adult,Urban,High,Low,Low
33.14745951,48.91649471,71.5263887,65.10501599,Child,Slum,Low,Moderate,Low
35.15522449,73.33399199,14.4768047,100.8265255,Child,Rural,Moderate,Low,Moderate
37.55396044,85.45870878,47.72458702,157.0642203,Adult,Rural,Moderate,Moderate,High
29.5072458,71.47465288,30.34890559,117.8868798,Elderly,Urban,Low,Moderate,Moderate
29.12202697,56.57395237,6.355968549,79.46736658,Adult,Slum,Low,Low,Low
38.50593163,47.11105422,32.53852525,144.714992,Elderly,Slum,Moderate,Moderate,Moderate
37.76149969,79.384464,42.92009622,82.02302693,Child,Urban,Moderate,Moderate,Low
42.1736749,63.09885619,9.01598672,117.3444953,Elderly,Rural,High,Low,Moderate
36.74825024,46.52795843,1.19278055,70.58624731,Elderly,Slum,Moderate,Low,Low
40.82332604,80.06111419,166.8503171,108.3096095,Child,Rural,High,High,Moderate
36.67529015,74.74233936,8.590837798,91.70826477,Elderly,Urban,Moderate,Low,Low
35.62682658,87.42098181,49.29993353,87.54971523,Elderly,Rural,Moderate,Moderate,Low
29.91658436,66.33879289,0.680435198,168.5918823,Elderly,Urban,Low,Low,High
32.01215682,42.81941648,31.86916344,145.6213437,Child,Rural,Low,Moderate,Moderate
38.11034995,89.93399979,43.10270838,162.8564521,Adult,Urban,High,Moderate,High
45.10024553,84.50140694,26.52461882,133.2229357,Child,Rural,High,Low,Moderate
35.72443917,70.35854565,42.40752084,190.7508713,Child,Rural,Moderate,Moderate,High
32.53928242,49.68972462,27.253537,97.87231266,Adult,Slum,Low,Low,Low
36.83824646,38.49960239,7.133857146,164.7383058,Child,Slum,Moderate,Low,High
37.74657822,80.37714733,1.644711792,183.8949116,Elderly,Rural,Moderate,Low,High
44.77078717,62.41379944,33.95250525,142.331667,Child,Slum,High,Moderate,Moderate
34.198145,70.02069477,35.22115776,68.92908191,Child,Slum,Low,Moderate,Low
40.05731518,90.12213873,9.659437169,136.1640662,Adult,Slum,High,Low,Moderate
29.89012945,51.90999698,36.63755141,134.9397308,Child,Urban,Low,Moderate,Moderate
44.93530556,62.03543653,54.48778923,140.9231602,Adult,Slum,High,Moderate,Moderate
41.6543359,82.69777138,48.70776866,139.9906575,Elderly,Rural,High,Moderate,Moderate
35.21757334,78.37209272,20.11197466,75.87268971,Child,Rural,Moderate,Low,Low
33.43728631,45.17907585,76.26622746,141.5519264,Adult,Rural,Low,Moderate,Moderate
43.77737849,93.59529588,13.15164492,87.70258394,Child,Slum,High,Low,Low
34.254974,83.97356903,64.34560635,130.4506674,Elderly,Rural,Low,High,Moderate
29.34692333,79.34066836,59.63253674,113.3412349,Elderly,Rural,Low,High,Moderate
36.05939339,56.5666586,48.68182168,159.8403464,Adult,Slum,Moderate,Moderate,High
36.26582619,82.30516019,108.7857259,167.6998624,Child,Urban,Moderate,High,High
34.39943178,67.26368504,2.081034109,100.6148494,Child,Rural,Low,Low,Moderate
33.97070285,58.8013248,2.210522891,93.61590926,Elderly,Slum,Low,Low,Low
31.47565773,44.05153252,3.19343676,110.7635899,Child,Urban,Low,Low,Moderate
33.71910124,66.37753831,108.443005,51.91146936,Elderly,Urban,Low,Moderate,Low
32.68592157,60.80958031,10.67383311,162.0758023,Elderly,Rural,Low,Low,High
32.56398539,64.72118023,8.890104953,174.7701919,Child,Slum,Low,Low,High
29.30716313,64.30893252,12.58593883,133.28261,Adult,Urban,Low,Low,Moderate
34.84280415,57.27357049,10.80412128,174.081139,Elderly,Rural,Low,Low,High
36.41093704,73.54626794,21.12677531,77.47928034,Elderly,Urban,Moderate,Low,Low
36.74900012,54.93918105,9.591302837,86.13415005,Child,Urban,Moderate,Low,Low
34.8767136,41.71349622,51.84346983,104.2479253,Adult,Slum,Low,Moderate,Moderate
34.41617042,60.46663238,18.3985674,141.6736836,Adult,Slum,Low,Low,Moderate
43.2057977,86.94210384,59.459205,147.2676276,Adult,Rural,High,High,Moderate
36.96898649,41.08491131,54.99771547,72.62559311,Elderly,Rural,Moderate,Moderate,Low
32.50307851,95.54044733,20.35184032,117.0102333,Elderly,Slum,Low,Low,Moderate
41.23445858,69.06993986,13.45448749,109.0751059,Child,Urban,High,Low,Moderate
40.27215827,62.1075647,43.12093046,41.42829911,Child,Rural,High,Moderate,Low
33.7830801,65.50242706,90.75163537,130.478014,Elderly,Rural,Low,Moderate,Moderate
28.72446125,64.73205697,31.04760412,227.3869695,Adult,Urban,Low,Moderate,High
36.47812244,47.25036176,13.96473104,84.30698439,Elderly,Rural,Moderate,Low,Low
37.01044129,50.62711597,9.798636183,131.634112,Adult,Urban,Moderate,Low,Moderate
31.9606237,61.91315945,52.4112048,135.2152579,Child,Urban,Low,Moderate,Moderate
34.04579341,71.01240522,4.629560111,137.8034589,Elderly,Urban,Low,Low,Moderate
41.08979576,62.30205453,13.73706937,124.6469234,Child,Urban,High,Low,Moderate
30.77550773,76.02340913,5.775634937,138.7326234,Elderly,Slum,Low,Low,Moderate
29.48853925,80.22039266,7.384978893,105.5740835,Child,Urban,Low,Low,Moderate
37.69459593,74.44277207,29.61177336,135.0086783,Elderly,Slum,Moderate,Low,Moderate
31.81346126,76.87580055,18.39259481,91.41811966,Elderly,Rural,Low,Low,Low
33.69147466,82.43694741,1.226507363,118.9067226,Elderly,Slum,Low,Low,Moderate
30.31746813,59.98330665,8.160036021,117.2168716,Elderly,Slum,Low,Low,Moderate
39.44993781,93.86528959,5.034536703,111.7692561,Child,Slum,High,Low,Moderate
21.26247579,62.50404736,27.2579139,166.8664925,Adult,Rural,Low,Low,High
33.17332023,61.00950259,21.4360743,75.59985712,Child,Urban,Low,Low,Low
38.84103608,73.23094758,21.39155978,93.96669097,Child,Rural,High,Low,Low
35.00922978,70.8450443,17.2971389,99.51417071,Elderly,Rural,Moderate,Low,Low
33.5627624,74.30993357,0.758662317,57.87471787,Child,Rural,Low,Low,Low
33.49251318,73.73768008,9.898893516,84.26027064,Adult,Urban,Low,Low,Low
32.91902798,53.04895991,48.50079146,177.1646807,Elderly,Rural,Low,Moderate,High
31.92524781,74.87521204,8.112295982,102.150293,Child,Slum,Low,Low,Moderate
38.42753869,97.7291325,79.41347258,94.40032733,Adult,Slum,High,High,Low
34.16889258,93.00782412,8.013866317,125.5137802,Elderly,Slum,Low,Low,Moderate
34.02651352,69.03717734,97.70693088,140.2161709,Child,Rural,Low,Moderate,Moderate
35.97922624,80.42531043,34.0427291,61.51101041,Child,Urban,Moderate,Moderate,Low
39.34577296,63.16690711,88.21543456,133.2536659,Child,Slum,High,Moderate,Moderate
37.66700426,55.55969452,99.19870455,80.76051207,Adult,Rural,Moderate,Moderate,Low
39.38023396,92.09006014,138.483434,76.46722052,Adult,Slum,High,High,Low
28.60314752,68.37110544,9.075690748,88.02606186,Child,Rural,Low,Low,Low
39.98285255,63.00256931,82.22549951,101.2626461,Adult,Urban,High,Moderate,Moderate
29.22652629,53.56898645,103.3322745,131.9356739,Elderly,Slum,Low,Moderate,Moderate
35.42604725,25.13296044,8.497103654,203.0255017,Elderly,Rural,Moderate,Low,High
33.13863758,82.3712351,25.87475914,152.640274,Adult,Urban,Low,Low,High
30.2554174,96.21044797,15.44532358,109.1936003,Child,Urban,Low,Low,Moderate
37.96963367,53.43383084,6.344225856,156.9588183,Elderly,Urban,Moderate,Low,High
32.35511146,54.15163536,16.86133709,129.1725651,Adult,Urban,Low,Low,Moderate
43.56333856,69.06003215,10.6977657,45.97473433,Child,Slum,High,Low,Low
28.15842481,99.80913999,5.388355987,124.9137375,Adult,Rural,Low,Low,Moderate
29.95667999,65.84025915,39.61521066,148.606496,Child,Urban,Low,Moderate,Moderate
37.71739689,72.99715651,51.6079029,196.3767461,Child,Rural,Moderate,Moderate,High
39.04944661,66.74895228,11.87114858,154.3725516,Elderly,Slum,High,Low,High
34.38645533,71.40058561,25.80137989,78.87614369,Elderly,Slum,Low,Low,Low
34.51440899,72.23365114,40.28172559,92.82236308,Child,Urban,Low,Moderate,Low
35.36018431,66.81686545,22.79732533,50.22677123,Adult,Slum,Moderate,Low,Low
37.91122239,69.01038069,12.80918836,138.0262222,Child,Slum,Moderate,Low,Moderate
32.93197233,98.31531486,7.705727041,63.34265487,Elderly,Slum,Low,Low,Low
38.26596555,42.01682348,52.04191044,161.1461752,Child,Slum,Moderate,Moderate,High
34.53181906,89.88694971,12.96131637,166.1425371,Adult,Slum,Low,Low,High
32.4069601,53.82906775,2.654719852,94.5331962,Child,Slum,Low,Low,Low
27.40326962,27.51766603,55.14831279,97.77722608,Child,Urban,Low,Moderate,Low
28.49328237,77.26669908,14.56502443,138.4666518,Adult,Slum,Low,Low,Moderate
25.6512915,64.17218837,80.89323076,133.4428467,Child,Urban,Low,Moderate,Moderate
44.78587267,69.59752234,15.71469709,99.44645533,Elderly,Slum,High,Low,Low
37.26754356,55.26558949,106.3703021,188.9386136,Elderly,Urban,Moderate,Moderate,High
37.49542783,67.97798693,3.711114744,91.73757685,Adult,Rural,Moderate,Low,Low
38.05108085,72.35459441,32.5215601,111.3419111,Child,Slum,High,Moderate,Moderate
31.84856778,37.22054729,53.80875815,165.7534691,Child,Slum,Low,Moderate,High
37.12744967,87.95870385,14.02618141,101.3913253,Adult,Urban,Moderate,Low,Moderate
33.55602349,53.96069717,33.79396155,48.52217075,Child,Rural,Low,Moderate,Low
32.2222661,73.06583547,15.088666,104.9182332,Adult,Urban,Low,Low,Moderate
33.25192505,52.00210417,63.44092558,108.3097914,Elderly,Rural,Low,Moderate,Moderate
27.42764845,74.82389817,20.9404073,134.1419145,Elderly,Slum,Low,Low,Moderate
33.72034719,90.55614541,15.48573142,177.1783121,Adult,Urban,Low,Low,High
36.01164398,94.47785349,33.94380402,185.0552162,Adult,Slum,Moderate,Moderate,High
32.48690193,65.52104894,53.68022071,130.9610941,Child,Rural,Low,Moderate,Moderate
41.00265829,72.10539805,16.93215675,149.2893803,Adult,Urban,High,Low,Moderate
33.93303891,79.82014926,19.8506515,101.0693981,Elderly,Urban,Low,Low,Moderate
25.24449068,72.15381905,25.53210303,110.9737319,Adult,Rural,Low,Low,Moderate
34.57195955,92.61450338,12.73054458,92.31391152,Elderly,Urban,Low,Low,Low
40.20862332,78.75316455,87.98624257,173.866789,Child,Urban,High,High,High
32.62827279,71.10151779,32.32073162,106.5448535,Elderly,Urban,Low,Moderate,Moderate
31.35198765,75.42125976,83.67607517,137.7400688,Elderly,Slum,Low,High,Moderate
29.24065808,59.27467198,23.72005785,78.85693898,Child,Rural,Low,Low,Low
29.19108078,65.75291655,5.623752323,179.8440893,Adult,Rural,Low,Low,High
32.62005699,57.39293596,0.501950332,111.0101752,Adult,Rural,Low,Low,Moderate
40.24353563,94.8311067,5.338621346,105.0535169,Child,Urban,High,Low,Moderate
32.46364295,61.09145242,1.205660656,115.7511402,Elderly,Urban,Low,Low,Moderate
25.45321956,89.77453487,0.87212765,112.7032746,Child,Urban,Low,Low,Moderate
35.15537983,59.84993795,1.232723513,160.1837164,Elderly,Slum,Moderate,Low,High
26.34399348,92.42407341,109.2603494,50.64694582,Adult,Rural,Low,High,Low
36.70476345,54.70740696,70.37833769,157.3771113,Elderly,Rural,Moderate,Moderate,High
39.23385388,38.09158869,1.556902308,168.40974,Adult,Slum,Moderate,Low,High
33.65491727,61.13774352,7.688567086,146.2016246,Adult,Slum,Low,Low,Moderate
34.44667316,56.55036659,12.34997132,147.0943809,Child,Urban,Low,Low,Moderate
31.12482905,69.83593244,17.5076446,93.70060248,Child,Rural,Low,Low,Low
29.8072809,45.53086277,22.64688544,130.086694,Child,Rural,Low,Low,Moderate
29.06965384,79.12663104,5.013528312,148.5727574,Child,Rural,Low,Low,Moderate
32.70454845,59.58099446,13.43903322,187.9237163,Child,Urban,Low,Low,High
30.67464286,93.51694197,6.449136441,85.61999841,Adult,Urban,Low,Low,Low
28.4143404,81.64041871,65.16937369,107.4993536,Child,Urban,Low,High,Moderate
38.05011585,62.96287952,8.254096339,62.87406018,Child,Rural,High,Low,Low
39.87656229,77.73442133,33.54230681,104.9802445,Child,Rural,High,Moderate,Moderate
40.91176422,77.22675562,13.41086376,92.16554319,Elderly,Slum,High,Low,Low
29.01605677,83.40546534,2.541571875,144.208948,Adult,Slum,Low,Low,Moderate
40.57716649,85.79187335,10.25103643,128.9499328,Adult,Slum,High,Low,Moderate
46.40825918,60.73537485,15.88957609,46.5571205,Child,Slum,High,Low,Low
31.07754678,87.16909423,6.751675533,128.388532,Adult,Urban,Low,Low,Moderate
35.92587768,76.38167296,51.9945094,178.7833015,Adult,Rural,Moderate,High,High
36.47713643,79.95171594,8.751760702,91.03013872,Elderly,Rural,Moderate,Low,Low
39.50199294,76.76837979,11.76148699,156.064935,Elderly,Slum,High,Low,High
43.44221078,94.34894778,25.69534742,156.6926065,Adult,Rural,High,Low,High
26.71688396,62.13327796,43.90580366,149.1563662,Adult,Rural,Low,Moderate,Moderate
29.8136713,79.2794518,41.24025583,67.34919836,Adult,Rural,Low,Moderate,Low
36.41875512,55.18189989,56.8030846,108.5532545,Elderly,Slum,Moderate,Moderate,Moderate
24.42566852,66.86468351,18.78355541,141.3394031,Adult,Urban,Low,Low,Moderate
29.64573791,98.67128631,23.83183187,98.16629656,Child,Urban,Low,Low,Low
30.64871888,73.286659,1.551962991,123.0857914,Elderly,Slum,Low,Low,Moderate
35.92355237,84.06873306,24.89785718,89.07666178,Child,Slum,Moderate,Low,Low
35.00250033,72.94456625,12.50906642,88.08745007,Child,Urban,Moderate,Low,Low
34.13599131,81.57880232,4.639375127,80.09301709,Adult,Slum,Low,Low,Low
40.18323415,98.52338883,69.15689097,129.792775,Child,Slum,High,High,Moderate
38.19330084,85.87177488,34.14865904,115.3738573,Elderly,Slum,High,Moderate,Moderate
36.26294964,79.78969611,30.13002831,74.49250174,Child,Rural,Moderate,Moderate,Low
33.80944782,70.69004121,39.14453418,166.6012842,Elderly,Slum,Low,Moderate,High
28.77203044,40.44999317,4.336080821,148.3487469,Child,Slum,Low,Low,Moderate
36.15722961,79.69734307,3.275504914,181.4059488,Child,Slum,Moderate,Low,High
31.71522412,64.33668015,0.00092158,131.0689189,Child,Urban,Low,Low,Moderate
30.4186295,90.33164202,8.81025311,120.9943002,Child,Urban,Low,Low,Moderate
33.49772566,79.12611631,2.666785173,230.6391846,Adult,Urban,Low,Low,High
24.23808228,83.14683468,28.02869858,64.44367316,Child,Rural,Low,Low,Low
32.02448281,65.75669919,3.049184562,95.23709054,Elderly,Rural,Low,Low,Low
42.09265673,32.68287015,62.05351188,97.52215009,Child,Slum,Moderate,Moderate,Low
40.07322693,57.73426786,33.48868201,54.69589017,Child,Slum,Moderate,Moderate,Low
29.23324745,87.05971814,4.288753757,83.32289819,Adult,Rural,Low,Low,Low
36.63312109,95.98073937,36.18039618,148.1152719,Elderly,Rural,Moderate,Moderate,Moderate
37.66003099,75.42491592,20.79195504,149.8012225,Child,Urban,Moderate,Low,Moderate
42.19722858,63.10676588,28.79990836,50.47553442,Child,Urban,High,Low,Low
33.19268617,76.24669057,4.024797643,222.187453,Adult,Slum,Low,Low,High
31.78902674,57.2004504,1.761526128,123.4113693,Elderly,Rural,Low,Low,Moderate
35.9806573,56.43897565,23.58057264,146.2945985,Adult,Slum,Moderate,Low,Moderate
28.64795628,99.56296406,8.723082083,119.221252,Elderly,Slum,Low,Low,Moderate
39.56885811,46.8140532,68.46444866,133.8030151,Child,Slum,Moderate,Moderate,Moderate
41.4325156,57.96768113,30.73010619,174.6461851,Elderly,Urban,Moderate,Moderate,High
28.17087922,67.76546035,36.29351707,38.98327667,Child,Slum,Low,Moderate,Low
39.04462361,64.38729586,43.64070584,113.7773722,Elderly,Slum,High,Moderate,Moderate
29.86815396,88.45000859,33.77915636,177.03579,Adult,Urban,Low,Moderate,High
32.10477332,36.15625098,81.87664415,72.86238613,Elderly,Rural,Low,Moderate,Low
32.40301814,64.88638184,26.35129297,116.4782212,Elderly,Slum,Low,Low,Moderate
36.69126244,67.27921895,21.15244259,100.2258265,Elderly,Rural,Moderate,Low,Moderate
37.29084057,55.30418163,182.8966065,37.4017045,Child,Slum,Moderate,Moderate,Low
31.57000979,56.08323836,64.43767669,110.4249259,Elderly,Urban,Low,Moderate,Moderate
26.03053751,49.66828745,32.33697342,199.713305,Child,Rural,Low,Moderate,High
31.103522,72.58790174,92.74478969,140.4345196,Adult,Rural,Low,Moderate,Moderate
34.6127827,52.07059355,27.62453395,48.13047948,Adult,Urban,Low,Low,Low
42.45189735,57.49939662,14.91470657,105.5364568,Child,Rural,Moderate,Low,Moderate
37.52982777,59.07591696,7.027307967,123.2316652,Child,Rural,Moderate,Low,Moderate
31.5947242,84.93807965,25.81018894,130.19987,Elderly,Rural,Low,Low,Moderate
40.52950212,61.54078768,23.31405789,124.9566971,Child,Slum,High,Low,Moderate
31.04145325,66.93557,10.5431945,152.1567732,Elderly,Urban,Low,Low,High
34.63013568,68.86501594,17.00979092,89.74706301,Elderly,Urban,Low,Low,Low
35.86275096,88.03716621,2.507538782,132.6858794,Child,Slum,Moderate,Low,Moderate
46.35724873,63.93403865,52.92191973,91.73080946,Elderly,Slum,High,Moderate,Low
39.49324229,78.39365592,1.233583625,87.45878603,Adult,Slum,High,Low,Low
37.17987695,32.01630872,26.07114003,127.4704822,Child,Rural,Moderate,Low,Moderate
37.36331528,90.68743882,90.19337637,116.6647942,Elderly,Urban,Moderate,High,Moderate
31.62532991,63.95386016,17.38682227,69.41254273,Elderly,Rural,Low,Low,Low
42.64648275,71.9746685,69.80734059,96.41730464,Elderly,Rural,High,Moderate,Low
28.53687326,62.01747155,17.53294567,133.0336341,Child,Rural,Low,Low,Moderate
41.04173909,87.12196477,24.26933787,97.62680247,Adult,Rural,High,Low,Low
37.22099164,86.51984437,46.03067479,59.13612629,Adult,Rural,Moderate,Moderate,Low
43.73369469,70.77675777,27.87288507,143.071753,Adult,Urban,High,Low,Moderate
37.86872211,50.85543375,25.4314739,176.0159918,Adult,Rural,Moderate,Low,High
37.77112352,46.8343397,32.94534939,125.2909116,Elderly,Rural,Moderate,Moderate,Moderate
34.44245586,57.92550279,5.351084598,99.31267665,Elderly,Urban,Low,Low,Low
32.25916822,61.92645721,15.21464313,114.5658113,Child,Slum,Low,Low,Moderate
20.35275655,100.7945804,14.47609194,112.0892382,Elderly,Urban,Low,Low,Moderate
35.94555608,59.08491468,2.214423931,120.3786078,Child,Rural,Moderate,Low,Moderate
43.47861439,98.45933042,63.12026902,141.8784438,Child,Urban,High,High,Moderate
35.34422866,101.5550965,1.399705714,143.8558828,Child,Urban,Moderate,Low,Moderate
32.72726141,66.72020084,5.585805933,54.4958033,Elderly,Slum,Low,Low,Low
35.59800131,74.78740435,4.614001665,125.2408305,Adult,Rural,Moderate,Low,Moderate
39.88907775,38.41529587,2.395918721,75.4592307,Adult,Slum,Moderate,Low,Low
43.85083808,30.38653481,0.728935844,107.0624853,Child,Slum,Moderate,Low,Moderate
29.9470089,62.27172409,3.108334371,124.4155856,Adult,Urban,Low,Low,Moderate
37.53710464,56.26112909,14.98406716,165.3717918,Elderly,Urban,Moderate,Low,High
33.36491341,66.79814831,5.918121166,144.8299022,Child,Rural,Low,Low,Moderate
40.20094282,48.93998055,76.69889247,225.8014716,Adult,Urban,Moderate,Moderate,High
34.08424764,64.64990299,12.92061932,140.1085957,Child,Urban,Low,Low,Moderate
33.25853273,62.55921531,15.29141627,143.8257623,Elderly,Rural,Low,Low,Moderate
36.61487252,69.08494042,5.986176459,96.10306539,Child,Rural,Moderate,Low,Low
40.3895087,61.6891706,25.90808543,183.9662674,Adult,Slum,High,Low,High
37.17385032,77.13146024,60.39235687,126.3887091,Child,Slum,Moderate,High,Moderate
33.16879151,66.2471825,23.86127251,77.20159374,Adult,Urban,Low,Low,Low
37.51372404,32.6009377,169.8761251,135.9379649,Adult,Slum,Moderate,Moderate,Moderate
30.85801273,54.9840668,5.18551991,108.6526123,Elderly,Rural,Low,Low,Moderate
32.09108983,52.39180053,33.18896533,14.91738573,Elderly,Rural,Low,Moderate,Low
32.39299454,87.14049874,25.71190165,50.69823903,Adult,Rural,Low,Low,Low
34.48284388,51.41420946,24.18758008,64.12263634,Elderly,Slum,Low,Low,Low
36.69349184,88.0701166,24.89602416,95.03605151,Child,Rural,Moderate,Low,Low
39.39708521,53.83935885,25.13762496,146.2778845,Adult,Urban,Moderate,Low,Moderate
39.14033038,66.06782284,4.287791654,217.6601737,Child,Urban,High,Low,High
32.34272724,46.48210862,27.43621446,46.10366462,Child,Rural,Low,Low,Low
35.59778462,69.97395215,10.09045885,110.8844807,Child,Slum,Moderate,Low,Moderate
38.20271468,71.84617302,5.749683271,84.35126,Adult,Slum,High,Low,Low
34.69079958,82.78893705,15.69532405,204.8227248,Child,Slum,Low,Low,High
39.7919291,70.77491465,6.555663734,157.4483604,Child,Urban,High,Low,High
35.92405151,88.79633376,16.84638107,135.6668246,Adult,Rural,Moderate,Low,Moderate
36.60392863,72.91077915,25.46758269,97.11223719,Elderly,Urban,Moderate,Low,Low
31.04993599,60.5597185,10.97646384,90.03137532,Elderly,Rural,Low,Low,Low
45.62385702,89.97008593,16.67990705,90.99613116,Child,Urban,High,Low,Low
36.00007426,47.66280373,9.99228524,123.7649707,Elderly,Slum,Moderate,Low,Moderate
41.19792003,64.05655483,0.418773377,173.4768175,Adult,Rural,High,Low,High
40.91282864,68.38967814,24.94405891,159.9767613,Elderly,Rural,High,Low,High
41.2961662,87.19661306,80.53311732,145.9798946,Child,Slum,High,High,Moderate
33.18040303,65.85046196,7.47889199,138.035655,Elderly,Slum,Low,Low,Moderate
45.24906048,70.01024228,8.196274728,151.6718565,Child,Slum,High,Low,High
38.92906005,57.8988043,7.059910694,52.29273538,Child,Slum,Moderate,Low,Low
35.17013706,71.67058903,81.79125886,160.1750654,Adult,Urban,Moderate,Moderate,High
31.49731586,81.40177564,101.1249708,162.1764845,Child,Urban,Low,High,High
30.07098096,65.73767353,33.4156332,141.2438641,Adult,Rural,Low,Moderate,Moderate
43.1124917,70.33305902,11.22726777,61.56300245,Adult,Urban,High,Low,Low
44.48883508,55.78160924,41.0200265,99.94522913,Child,Rural,Moderate,Moderate,Low
27.90970039,57.50057563,45.8893183,94.46892137,Elderly,Rural,Low,Moderate,Low
33.82015006,81.16278565,41.74269566,59.67248583,Child,Slum,Low,Moderate,Low
29.21510762,69.65462718,3.462783988,90.85287732,Adult,Rural,Low,Low,Low
30.94499568,53.28930325,49.63718889,104.9063169,Elderly,Slum,Low,Moderate,Moderate
38.58641791,61.52527133,35.16674897,136.928495,Child,Urban,High,Moderate,Moderate
35.74681741,75.46210444,12.08681072,208.8273519,Adult,Slum,Moderate,Low,High
35.04414069,54.3046769,11.22178601,121.1641083,Adult,Urban,Moderate,Low,Moderate
36.8667428,74.68567316,4.430649325,114.8440326,Child,Urban,Moderate,Low,Moderate
36.70327068,88.04571778,50.13082113,151.0169493,Adult,Urban,Moderate,High,High
34.28926732,75.08030977,58.66503534,136.0767582,Elderly,Rural,Low,High,Moderate
31.39018336,82.6828915,8.723194794,166.0487856,Child,Rural,Low,Low,High
34.67655697,71.09311147,1.653801869,111.8509149,Adult,Rural,Low,Low,Moderate
44.03258105,64.73934333,5.527732086,161.9997667,Child,Urban,High,Low,High
35.89347358,88.43822176,6.291860249,123.6440347,Child,Slum,Moderate,Low,Moderate
44.03267336,57.09710957,52.9317396,211.7907437,Child,Slum,Moderate,Moderate,High
37.66679622,82.59202757,3.34140383,138.9220371,Elderly,Urban,Moderate,Low,Moderate
39.68663646,55.32516689,63.42833364,176.2712342,Elderly,Slum,Moderate,Moderate,High
32.14126979,74.98911265,15.71621317,122.9089851,Adult,Urban,Low,Low,Moderate
35.93647775,49.21857598,8.582172609,151.7314162,Adult,Rural,Moderate,Low,High
34.29812471,74.61419002,44.81709496,79.09658599,Adult,Urban,Low,Moderate,Low
33.48519312,70.35842645,111.6158329,109.4331596,Child,Rural,Low,Moderate,Moderate
27.82045238,50.26276275,12.65202483,11.10889036,Adult,Slum,Low,Low,Low
39.71272614,70.22840531,21.26353454,161.9140453,Child,Rural,High,Low,High
34.09275465,68.40494496,32.64319248,57.86288806,Child,Rural,Low,Moderate,Low
43.72935668,90.98925012,6.533959825,104.7227091,Elderly,Rural,High,Low,Moderate
37.48436795,86.04657182,16.28857497,53.78524474,Adult,Slum,Moderate,Low,Low
33.57248152,71.26485741,11.60759855,186.0494631,Adult,Rural,Low,Low,High
38.96587844,68.16914302,12.6943726,63.63572289,Elderly,Slum,High,Low,Low
32.95682044,77.18228122,5.511000636,147.1830274,Elderly,Urban,Low,Low,Moderate
36.60839271,72.52089709,16.89178191,121.3560314,Adult,Slum,Moderate,Low,Moderate
29.79076227,51.49753624,29.13275442,60.41450314,Adult,Slum,Low,Low,Low
32.07036163,74.93660168,1.087170087,115.7404847,Adult,Urban,Low,Low,Moderate
32.73103757,61.39104988,17.61950723,163.7294843,Adult,Slum,Low,Low,High
35.51719065,100.6311406,59.29478615,111.5028428,Child,Rural,Moderate,High,Moderate
42.52107141,69.84751419,130.0450075,131.8545776,Child,Urban,High,Moderate,Moderate
30.93492814,82.34919874,23.19137061,131.5364459,Child,Rural,Low,Low,Moderate
32.18653988,48.6827029,51.25608738,99.31451678,Child,Urban,Low,Moderate,Low
40.00912427,62.53643742,0.01794353,77.44841536,Adult,Slum,High,Low,Low
31.0507628,73.53082391,10.33227458,66.96824915,Child,Urban,Low,Low,Low
25.84427561,51.57334253,62.6012182,119.3632862,Elderly,Slum,Low,Moderate,Moderate
39.5800516,59.16596675,91.98649587,107.5205197,Adult,Rural,Moderate,Moderate,Moderate
34.2483977,65.0995568,10.61748549,83.17668424,Elderly,Slum,Low,Low,Low
32.53754805,64.22806699,30.22806689,131.545286,Elderly,Slum,Low,Moderate,Moderate
35.90531371,89.54917056,2.431633467,111.8833015,Adult,Urban,Moderate,Low,Moderate
36.10175915,93.54799654,81.90681187,122.7454819,Elderly,Urban,Moderate,High,Moderate
34.17832397,73.1814003,10.02997624,85.91193475,Adult,Urban,Low,Low,Low
27.68616846,83.99115413,5.226307756,30.66884723,Elderly,Rural,Low,Low,Low
